-- MySQL Administrator dump 1.4
--
-- ------------------------------------------------------
-- Server version	5.5.5-10.1.9-MariaDB


/*!40101 SET @OLD_CHARACTER_SET_CLIENT=@@CHARACTER_SET_CLIENT */;
/*!40101 SET @OLD_CHARACTER_SET_RESULTS=@@CHARACTER_SET_RESULTS */;
/*!40101 SET @OLD_COLLATION_CONNECTION=@@COLLATION_CONNECTION */;
/*!40101 SET NAMES utf8 */;

/*!40014 SET @OLD_UNIQUE_CHECKS=@@UNIQUE_CHECKS, UNIQUE_CHECKS=0 */;
/*!40014 SET @OLD_FOREIGN_KEY_CHECKS=@@FOREIGN_KEY_CHECKS, FOREIGN_KEY_CHECKS=0 */;
/*!40101 SET @OLD_SQL_MODE=@@SQL_MODE, SQL_MODE='NO_AUTO_VALUE_ON_ZERO' */;


--
-- Create schema farmerbuddy
--

CREATE DATABASE IF NOT EXISTS farmerbuddy;
USE farmerbuddy;

--
-- Definition of table `cropdata`
--

DROP TABLE IF EXISTS `cropdata`;
CREATE TABLE `cropdata` (
  `cid` int(10) unsigned NOT NULL AUTO_INCREMENT,
  `cname` varchar(45) NOT NULL,
  `crain` varchar(45) DEFAULT NULL,
  `csoil` varchar(80) DEFAULT NULL,
  `ctemp` varchar(45) DEFAULT NULL,
  `chumid` varchar(45) DEFAULT NULL,
  `cdisease` varchar(45) DEFAULT NULL,
  `cferti` varchar(45) DEFAULT NULL,
  `cpesti` varchar(45) DEFAULT NULL,
  `clname` varchar(45) DEFAULT NULL,
  `cdesc` varchar(2000) DEFAULT NULL,
  PRIMARY KEY (`cid`)
) ENGINE=MyISAM AUTO_INCREMENT=29 DEFAULT CHARSET=latin1;

--
-- Dumping data for table `cropdata`
--

/*!40000 ALTER TABLE `cropdata` DISABLE KEYS */;
INSERT INTO `cropdata` (`cid`,`cname`,`crain`,`csoil`,`ctemp`,`chumid`,`cdisease`,`cferti`,`cpesti`,`clname`,`cdesc`) VALUES 
 (1,'Carnation','20-100mm','fertile, well-drained, slightly alkaline','19-23','50-60','(Fungal) Alternaria and Botrytis','10-20-10','Sulfur','Karnaphul','The locations having a day temperature of 25°C and a night temperature of 10°C are good for high quality carnations.\r\nThe optimum temperature for standard carnation is 18°-23°C. The relative humidity inside the greenhouse should be approximately 50-60%.When humidity is higher; plants become susceptible to fungal diseases like Alternaria and Botrytis. In north Indian plains, carnation plants should be shaded with 25-50% shading nets to get quality flowers. Spray carnations can tolerate slightly warmer temperature.Hot dry wind during summer months is very detrimental for the growth and development of plants.It can be cultivated throughout the year as it is grown under controlled conditions.\r\n   \r\n\r\nRecommendation:\r\n\r\nAvoid over-watering as this may tend to turn the foliage yellow.\r\nSpent flowers should be removed promptly to promote continued blooming. The plant foliage should not be exposed to the direct heat of a stove or the sun.\r\nApply a fungicide to protect healthy plants.'),
 (2,'Castor Seed','500-750mm','deep, moderately fertile, slightly acidic, well drained','20-35','30-60','Pest and Mould Problems','10-20-10','Sulfur','Erandel Bee','Castor is a C3 pathway plant that grows optimally at constantly high temperatures of 20-26° C\r\nbut can tolerate temperatures between 0° and 40° C. In colder areas it only grows well if the\r\nsummers are sufficiently warm (e.g. Southern Spain). If the temperature is too low or too high\r\nCastor will fail to set seeds.\r\nAbout 500 mm of rain is required between planting and harvesting but it can grow in areas\r\nwith lower as well as much higher rainfall. Depending on the variety it requires a 140-180 day\r\ngrowing season. Under severe water stress no seeds are set.\r\nToo high air humidity increases Pest and Mould Problems. 30-60% humidity is considered ideal.\r\nCastor is one of the most poisonous plants in the world due to ricin contained in the bean,\r\nstem and leaves. Ricin is a highly toxic protein that\'s extracted from the seed of the castor plant, often called a \"castor bean\" or \"castor oil bean,\" despite not technically being a bean. \r\n\r\nRecommendation:\r\nDuring processing care should be taken to keep dust levels low and/or wear protective gear to avoid inhaling ricin laden\r\ndust. Care should be taken to avoid situations where Castor seeds could accidentally enter the food chain, e.g.through\r\ninter-cropping with food crops, shared storage or processing facilities.'),
 (3,'Groundnuts ','600-1500mm','loose, well-drained, rich in organic matter','20-30','30-60','Seed Rot and Seedling Diseases','10-20-10','Benomyl','Bhuimoog','Climatic conditions such as temperature and rainfall significantly influence the groundnut production. Warm and moist conditions are very favorable than cool and wet climate, which results in slow germination and seedling emergence, increasing the risk of seed rot and seedling diseases. Temperature is a major environmental factor that determines the rate of crop development. Temperatures above 35°C inhibit the growth of groundnut. Optimum mean daily temperature to grow is 30°C and growth ceases at 15°C. For rapid emergence, soil temperature above 21°C is needed. The optimum temperature for the most rapid germination and seedling development is about 30°C.\r\nA minimum 100 - day optimum temperature growing season is necessary for successful groundnut crop production. Adequate and well distributed rainfall during the growing season, especially during flowering, pegging and pod formation stages, is essential for maximum yield and quality of groundnut. Groundnut is grown in areas receiving 600 to 1500 mm of rainfall. However, the crop can be grown successfully with a rainfall of 1250 mm.\r\n\r\nRecommendation:\r\nAvoiding frost damage by planting early peanut varieties can help protect the plant from fungal colonization; application of appropriate foliar fungicides (e.g. benomyl), where available, can help to control the disease'),
 (4,'Linseed','450-750mm','deep clayey black and alluvium loams','22-25','40-50','Fungal Diseases','30-15-10','Sulfur','Javas','The seed crop does well under moderate cold, but the fibre crop grows best in cool moist climates. In lndia, the crop is grown\r\nin the rabi season from September-October to February-March.\r\nLinseed can be grown on different kinds of soils, except the sandy and badly drained heavy clays or clay loams. It does well on the deep clayey black soils of central and peninsular India and on the alluvium loams of\r\nthe Indo-Gangetic plains. \r\n\r\nRecommendation:\r\nThe application of fertilizers and irrigation increases the yield of the crop. Under rainfed conditions,\r\nthe fertilizer dose including 30 kg of N and 15 kg of P per ha is given.The deep placement of fertilizer at sowing in the case of the rainfed crop gives better results. Under irrigated\r\nconditions, nitrogen is applied in two splits, half the dose as basal and the other half at the first irrigation, 40 to\r\n50 days after sowing.'),
 (5,'Mustard','200-400mm','light to heavy loams','10-25','40-50','Bacterial and Fungal Diseases','10-20-10','Sulfur','Mohari','The rapeseed and mustard crops are of the tropical as well as of the temperate zones\r\nand require relatively cool temperatures for satisfactory growth. In India, they are grown in the rabi season\r\nfrom September-October to February-March. The rapeseed and mustard crops grow well in areas having 25\r\nto 40 cm of rainfall. Sarson and toria are preferred in low-rainfall areas, whereas raya and toria are grown in\r\nmedium and high-rainfall areas respectively.\r\nThe rapesed and mustard thrive best in light to heavy loams. \r\n\r\nRecommendation:\r\nA fine seed-bed is required to ensure good germination. In irrigated areas, the first ploughing should be done with a medium sized soil-turning plough, followed by two to four ploughing with a desi plough or a cultivator. Sohaga (Planking) is given after every ploughing.\r\nIn rainfed areas, one to two ploughings with a desi plough or a cultivator, each followed by planking, may be\r\ngiven.'),
 (6,'Soyabean','400-500mm','well drained, neutral, fertile loam','21-32','50-70','Bacterial and Fungal Diseases','10-20-10','Sulfur','Soyabean','For most soybean varieties temperature between 26.5 to 30 degree centigrade appears to be optimal. Soil temperature of \r\r\n15.5 degree centigrade or above favours rapid germination and vigorous seedling growth. The minimum temperature for \r\r\neffective growth is about 10 degree centigrade.\r\nSoybean grows well in warm and moist climate.\r\nWell drained and fertile loam soils with pH between 6.0-7.5 are most ideal for the cultivation of soybean. Sodic and \r\r\nsaline soils inhibit germination of seeds. Waterlogging is harmful to the crop.\r\n\r\nRecommendation:\r\nProtecting soyabean from cold temperatures is important for current and especially future crops.'),
 (7,'Sesame','450-500mm','sandy-loam to heavy black soil','21-23','50-70','Bacterial and Fungal Diseases','10-20-10','Sulfur','Til','The sesamum seed is a rich source of edible oil. Its oil content generally varies\r\nfrom 46 to 52 per cent. Its grains may be eaten fried, mixed with sugar or in the form of sweetmeats.\r\nSesamum oil is used as a cooking-oil in southern India. It is also used for anointing the body, for\r\nmanufacturing perfumed oils and for medicinal purposes. Sesamum-cake is a rich source of protein,\r\ncarbohydrates and mineral nutrients, such as calcium and phosphorus. The cake is edible and is eaten avidly\r\nby working classes. It is also a valuable and nutritious feed for milch cattle. Sesamum grows in the plains and at elevations up to 1,200 m. It cannot stand frost,\r\ncontinuous heavy rain or prolonged drought. It is grown in sandy-loam to heavy black soils. Most of the crop is\r\nconfined to lighter soils and its cultivation in heavy soils is limited to certain regions.\r\n\r\nRecommendation:\r\nTo prevent the shedding of grains, the crop should not be allowed to become a drip in thefield. The ripe plants are cut, carried to the threshing-yard, stacked for a week in the sun with the cut-ends downwards and well shaken or beaten to take\r\nout the grains from the dry capsules. Winnowing and cleaning completes the process.'),
 (8,'Sunflower','600-1000mm','deep soil with good water holding capacity','18-28','50-70','Bacterial and Fungal Diseases','10-20-10','Sulfur','Suryaful','Sunflower is an important oilseed crop widely grown as a rainfed crop.The crop is photo-insensitive and can be grown in almost any season.It takes about 3-4 months for its maturity.Sunflower is sensitive to frost.Mean daily temperature for good growth is about 18-250C.Sunflower is particularly sensitive to boron deficiency.Under erratic and low rainfall conditions, a deep soil with good water holding capacity is required.\r\nThe water requirement for sunflower is in the range of 600-1000 mm,which is high when compared to most crops.Despite the high water requirement the plant can withstand short periods of severe water stress.\r\n\r\nRecommendation:\r\nFrost protection methods:\r\n1.Water the garden thoroughly before nightfall.\r\n2.You can collect heat during the day by painting plastic milk jugs black and filling them with water. Place them around your plants where they will collect heat during the day. Water loses heat more slowly than either soil or air. This collected heat will radiate out throughout the night.\r\nAlso Supplemental irrigation is highly desirable and should be adopted during periods of failure of rainfall.'),
 (9,'Coffee','1200-1500mm','volcanic, siliceous clay, alluvial, peat, sandy','18-28','50-70','Bacterial and Fungal Diseases','10-20-10','Sulfur','Coffee','Coffee grows on varied soils - volcanic, siliceous clay, alluvial and peat and sand. Like the vine, soil gives a particular character to the same botanical species and different \"Vintages\" arise. Soil must be deep (roots are 1 to 2 metres) and acid (pH 4.5 to 6). \r\n\r\nImportant growing factors are:\r\nAvoiding excessive cold and heat.\r\n1200-1500mm of rain per annum.\r\nA few hours of light per day.\r\nNo strong winds.\r\nAltitude - The higher the better.\r\n\r\nRecommendation:\r\nAlthough coffee requires heavy rainfall for its growth, stagnant water is injurious to its roots. It should be grown on hill slopes where water drains away easily and water-logging does not take place.'),
 (10,'Jute','1200-1500mm','deep soil with good water holding capacity','24-35','80-90','Bacterial and Fungal Diseases','10-20-10','Sulfur','Taag','Jute thrives best under warm and humid climate with temperature ranging from 24 to 37 degree centigrade, the optimum being around 34 degree centigrade. The most suitable is well distributed total rainfall of 150 cetimeter per year from which 25 centimeter precipitation is between March and May. Alternate period of sunshine and rainfall is the most beneficial.\r\n\r\nRecommendation:\r\nRegular watering to jute not only helps plants thrive, but also helps prevent many jute diseases, cracking.\r\nHelp your growing jute thrive by continuing to give them the nutrients they need.\r\nApply jute fertilizer once plant is set and every 3-4 weeks afterward. Create a simple feeding schedule. You can also coordinate watering and fertilizing schedules to simplify jute care.'),
 (11,'Cotton','550-1000mm','fertile soil with good moisture holding capacity','20-28','60-70','Bacterial and Fungal Diseases','10-20-10','Sulfur','Kaapus','Cotton is a warm season crop.\r\nIt is grown on all types of soils like sandy loam, clay loam, black cotton soil, alluvial soil and lateric soils. Cotton needs a fertile soil with good moisture holding capacity. Good drainage and aeration are also essential as the crop cannot stand excessive moisture and waterlogging.\r\nCotton requires an average annual temperature of over 16 degree centigrade and an annual rainfall of at least 50 centimeter distributed throughout the growing season. A daily minimum temperature of 16 degree centigrade is required for germination and 21-27 degree centigrade for proper vegetative growth. It can tolerate temperatures as high as 43 degree centigrades but does not do well if the temperature falls below 21 degree centigrade\r\n\r\nRecommendation:\r\nFrosts can kill or severely damage both young and bearing trees. Therefore, frost-free sites are essential.\r\nCotton plant are susceptible to skin discolouration and splitting when prolonged temperatures below about 20oC occur during the later stages of plant development. To minimise this, sites with a relatively warm early winter are preferred.'),
 (12,'Rubber','1500-2000mm','deep, moist soil with good water holding capacity','25-35','50-70','Bacterial and Fungal Diseases','10-20-10','Sulfur','Rubber','Rubber Plant (Ficus elastica) requires a very humid, moist environment. \r\nPlant the rubber plant in a good houseplant potting soil, not garden soil.\r\nMake sure that the pot the rubber plant is in has good drainage.\r\nKeep the rubber plant in temperatures above (25ºC).\r\nProvide bright light for rubber plants.\r\nWater the rubber plant correctly.\r\nFertilize the rubber plant with a houseplant fertilizer according to label directions once a year in late March or early April.\r\nMist the rubber plant with warm water in the morning if conditions are hot and dry.\r\nWipe rubber plant leaves with a damp cloth if they get dusty.\r\nRemove any yellow or dead leaves.\r\nIf the plant starts to get top-heavy, repot the rubber plant in a pot just a few inches wider and deeper than it was in.\r\nPrune your rubber plant to keep it in bounds.\r\n\r\nRecommendation:\r\nSpray Rubber Plants regularly especially if the plant is surrounded by heated air. During the growing season, water moderately with lukewarm water. Let cold tap water to stand until room temperature as this allows chlorine to evaporate and reduces the shock that cold water can cause to plant roots. '),
 (13,'Tea','1500-3000mm','deep, moist soil with good water holding capacity','13-35','90-95','Bacterial and Fungal Diseases','10-20-10','Sulfur','Chahapatti','Tea bush is a tropical and sub-tropical plant and thrives well in hot and humid climate. There is a very close relation \r\r\nbetween climate, the yield and the quality of tea. The ideal temperature for its growth is 20°-30°C and temperatures above \r\r\n35°C and below 10°C are harmful for the bush.\r\nIt requires 150-300 cm annual rainfall which should be well distributed throughout the year. While prolonged dry spell is \r\r\nharmful for tea, high humidity, heavy dew and morning fog favour rapid development of young leaves. Alternate waves of \r\r\nwarm and cool winds are very helpful for tea leaves. Tea is a shade-loving plant and develops more vigorously when planted \r\r\nalong with shady trees.\r\nIn order to increase the yield, proper dose of nitrogenous fertilizers such as ammonium sulphate should be given to soil.\r\n\r\nRecommendation:\r\nAlthough tea requires heavy rainfall for its growth, stagnant water is injurious to its roots. It should be grown on hill \r\r\nslopes where water drains away easily and water-logging does not take place.'),
 (14,'Sugarcane','750-1500mm','moist, heavily fertilized, neutral soils','21-27','50-70','Bacterial and Fungal Diseases','10-20-10','Sulfur','Oos','Sugarcane belongs to bamboo family of plants and is indigenous to India. It is the main source of sugar, gur and khandsari.\r\nIt is a long duration crop and requires 10 to 15 and even 18 months to mature, depending upon the geographical conditions. It requires hot and humid climate with average temperature of 21°-27°C and 75-150 cm rainfall.\r\nIn the latter half, temperature above 20°C combined with open sky helps in acquiring juice and its thickening. Too heavy rainfall results in low sugar content and deficiency in rainfall produces fibrous crop. Irrigation is required in areas receiving lesser rainfall than the prescribed limit. Short cool dry winter season during ripening and harvesting is ideal.\r\n\r\nRecommendation:\r\nFrost is detrimental to sugarcane. Therefore, it must be harvested before frost season, if it is grown in northern parts of the country where winters are very cold and frost is a common phenomenon.\r\nSugarcane exhausts the fertility of the soil quickly and extensively and its cultivation requires heavy dose of manures and fertilizers.'),
 (15,'Greengram','800-1000mm','properly areated and moisture retaining soil','25-35','50-70','Bacterial and Fungal Diseases','10-20-10','Sulfur','Moog','Green gram grows in a wide range of climatic conditions. A warm humid climate with temperature range of 25°C to 35°C, with moderate rains of 80-100cm, well distributed during growing period of 100 days, is quite suitable for its cultivation. The crop grows from sea level to as high as 2000 meters. In North India, it is cultivated during warm and wet kharif season and in South India it is cultivated in mild winter rabi season.\r\nGreen gram field requires proper aeration and good retention of moisture in the soil. The application of well decomposed 10-12 tonnes of farmyard manure (FYM) gives the desired quality to the soil.\r\nThe FYM is mixed with soil one month before the sowing. In addition to FYM, the crop requires 20 kg nitrogen and 50 kg phosphorus per hectare. All these quantities of fertilizers are mixed with soil at the time of sowing by fertilizer-drill or pora.\r\n\r\nRecommendation:\r\nGreen gram being a legume crop, requires proper drainage and ample aeration in the field so that activities of the nitrogen fixing bacteria are not hampered at any stage of plant growth. Loamy or silt loam soils, after 3-4 cross ploughings followed by harrowings and plankings give enough desirable field conditions for its cultivation. After sowing, the field is divided into a number of slopping segments (beds) of reasonable size to help retention of rain water into the soil for optimum moisture contents. These slopping beds also help to drain out the excessive water due to heavy rains.'),
 (16,'Peagionpea','600-1400mm','moist, neutral soils','25-35','50-70','Bacterial and Fungal Diseases','10-20-10','Sulfur','Watana','Pigeon Pea performs well in the temperature range of 25-350C and can survive even 450C if the soil contains adequate moisture.The crop is susceptible to low temperatures and frost.In India, it is cultivated in areas receiving annual rainfall of 600-1400 mm.Cloudy weather or rains at flowering and fruiting result in poor pod setting and seed feeling and may lead to increased damage by pod bores.\r\nDisease emergence favored by high humidity and warm temperatures:\r\nSymptoms\r\nSmall irregular brown lesions on leaves which expand and turn gray-brown or dark brown with concentric zones; older areas of lesions may dry out and drop from leaves causing shot hole; lesions coalesce to form large necrotic patches\r\nManagement\r\nPlant beans in fertile soil; foliar fungicide application may be required in order to control the disease.\r\n\r\nRecommendation:\r\nAll weeds should be eliminated from the seed bed to prevent competition with the initially slow growing seedlings. Generally, pigeon pea does not require irrigation or fertilization. An application of phosphate at a rate of 20–100 kg per hectare is recommended and irrigation may be necessary if the plants are intensively grown.'),
 (17,'Cardamom','1500-3000mm','rich, loamy, slightly acidic soil','15-32','90-95','Bacterial and Fungal Diseases','10-20-10','Sulfur','Velchi','Elettaria cardamomum is native to tropic regions, and can grow to heights of 10\' or more, with the tall stems showing long, alternate leaves.Cardamom is native to tropical regions, and should only be grown outdoors in hardiness zones 10-13, where minimum temperatures approximately 35 degrees or higher. It can be grown with care indoors or in a greeenhouse in zones 9 and lower, or overwintered carefully if grown in a large, deep container that can be moved indoors as needed.\r\nCardamom can reach heights of ten feet or more by the third year.\r\nPrefers a rich, loamy, slightly acidic soil with a pH approximately 6.1-6.6. For best results, fertilize or amend soil with minerals phosphorus and potassium\r\n\r\nRecommendations:\r\ncardamomum being a legume crop, requires proper drainage and ample aeration in the field so that activities of the nitrogen fixing bacteria are not hampered at any stage of plant growth. Loamy or silt loam soils, after 3-4 cross ploughings followed by harrowings and plankings give enough desirable field conditions for its cultivation. After sowing, the field is divided into a number of slopping segments (beds) of reasonable size to help retention of rain water into the soil for optimum moisture contents. These slopping beds also help to drain out the excessive water due to heavy rains.'),
 (18,'Garlic','300-600mm','well-drained soils with high organic matter','10-28','50-70','Bacterial and Fungal Diseases','10-20-10','Sulfur','Lasun','Garlic can be planted in the spring as soon as the ground can be worked, but fall planting is recommended for most \r\r\ngardeners. Plant in the fall and you\'ll find that your bulbs are bigger and more flavorful when you harvest the next \r\r\nsummer.\r\nIn areas that get a hard frost, plant garlic 6 to 8 weeks before that frost. In southern areas, February or March is a \r\r\nbetter time to plant.Break apart cloves from bulb a few days before planting, but keep the papery husk on each individual \r\r\nclove.\r\nPlant cloves about one month before the ground freezes. \r\nDo not plant cloves from the grocery store. They may be unsuited varieties for your area, and most are treated to make \r\r\ntheir shelf life longer, making them harder to grow. Instead, get cloves from a mail order seed company or a local \r\r\nnursery.\r\nEnsure soil is well-drained with plenty of organic matter. Select a sunny spot.\r\nPlace cloves 4 inches apart and 2 inches deep, in their upright position (the wide root side facing down and pointed end \r\r\nfacing up).\r\nIn the spring, as warmer temperatures come, shoots will emerge through the ground.\r\n\r\nRecomendations:\r\n\r\nNorthern gardeners should mulch heavily with straw for overwintering.\r\nMulch should be removed in the spring after the threat of frost has passed. (Young shoots can\'t survive in temps below \r\r\n20°F on their own. Keep them under cover.)\r\nGarlic requires adequate levels of nitrogen. Fertilize accordingly, especially if you see yellowing leaves.\r\nWater every 3 to 5 days during bulbing (mid-May through June).'),
 (19,'Chilli','600-1250mm','well-drained soils with high organic matter','10-30','50-70','Bacterial and Fungal Diseases','10-20-10','Sulfur','Mirchi','Chilli plants love heat. They are closely related to capsicums/bell peppers and also related to tomatoes (they are in the same family, the solanaceae), but chillies prefer their growing conditions a lot hotter.\r\nChilli seeds need 20°C to germinate, and it should be 30°C or more for the fruit to ripen. Night temperatures should not drop below 15°C. (At least not on a regular basis. The odd cool spell is ok.)\r\nChillies also don\'t mind humidity as much as sweet peppers or tomatoes do.\r\nMost people will need to grow chillis in full sun. In the hottest, sunniest regions chillies still grow well with a bit of shade. Especially afternoon shade can even be beneficial. (The fruit can get sunburned.)\r\n\r\nRecomendations:\r\n Prevention is the only real way to deal with Grey Mould in Chilli Plants. This is all about humidity and hygiene.\r\n1. Remove dead and dying leaves, buds and flowers from your chillies immediately and do not leave dead plant material lying around.\r\n2. Keep chilli greenhouses well ventilated so that they do not get too humid.\r\n3. Do not overwater chilli plants or leave water in greenhouses.\r\n4. Do not try to cram too many chilli plants into your greenhouse as this will reduce ventilation, increase humidity and ease the spread of fungal infections and disease.'),
 (20,'Ginger','1250-2500mm','moist, neutral soils','10-25','50-70','Bacterial and Fungal Diseases','10-20-10','Sulfur','Aala','Ginger requires tropical, subtropical, humid climate for its commercial production. It is grown successfully at sea level to 1500 m above sea level. The optimum elevation is 300-900 m. A well distributed annual rainfall of 1500-3000 mm during growing season and dry spells before land preparation and harvesting is required for good growth and yield of the crop. The favorable temperature  range is  19-28oC and the temperature lower than \r\n13 oC induces dormancy and higher than 32 oC can cause sunburns. \r\n\r\nRecomendations:\r\nMost gingers prefer bright, indirect light or filtered sun.\r\nDuring the growing season gingers all need to be kept consistently moist, but not standing in water.\r\nThroughout the growing season feed them once a month with a balanced water soluble fertilizer.'),
 (21,'Pepper','1250-2000mm','red laterite soil, or acidic soils','10-30','50-70','Bacterial and Fungal Diseases','10-20-10','Sulfur','Miri','Black pepper is a plant of humid tropics requiring high rainfall and humidity. The hot and humid climate of sub \r\r\nmountainous tracts of Western Ghats is ideal for its cultivation. It grows\r\nsuccessfully between 20° North and South latitude, and from sea level up to 1500 m above sea level. The crop tolerates \r\r\ntemperatures between 10° and 40°C. The ideal temperature is 23 -\r\n32°C with an average of 28°C.\r\nOptimum soil temperature for root growth is 26 - 28°C. A well distributed annual rainfall of\r\n125-200 cm is considered ideal for black pepper. Black pepper can be grown in a wide range of\r\nsoils with a pH of 5.5 to 6.5, though in its natural habitat it thrives well in red laterite soils. \r\n\r\nRecommendation:\r\nManuring and fertilizer application for pepper vines is to be done for proper establishment and growth of plants. \r\r\nApplication of lime or dolomite @ 500 g/vine in April-May during alternate\r\nyears is recommended under highly acid soil conditions. Organic manures in the form of cattle manure or compost can be \r\r\ngiven @ 10 kg/vine during May. Neem cake @ 1 kg/vine can also be\r\napplied. '),
 (22,'Turmeric','700-2500mm','light black loam, red soils, clayey loams','20-30','50-70','Bacterial and Fungal Diseases','10-20-10','Sulfur','Halad','Turmeric requires a warm and humid climate. It can be grown in diverse tropical conditions from sea level to 1500mm above MSL within a temperature range of 20-30°C with a rainfall of 1500\r\nmm or more per annum or under irrigated conditions. Though turmeric thrives in different types of soil ranging from light black loam, red soils to clayey loams, rich loamy soils having natural drainage and irrigation facilities are the best. Turmeric cannot stand water stagnation or alkalinity.\r\nTurmeric can be cultivated organically as an intercrop along with other crops provided that all\r\nthe companion crops are also organically grown. In some areas, turmeric is grown as an intercrop\r\nwith mango, jack and litchi and on the west coast with coconut and arecanut\r\n\r\nRecomendations:\r\nIn general, turmeric plants do not do well when temperatures drop below 65° F. Plant in the early fall in zones 9-11. Plant in late spring (well after frost) in northern grow zones.  \r\nTurmeric needs to be watered frequently. Keep in mind, it is normally a tropical plant. Frequent misting with a spray bottle can help, particularly when growing indoors. Keep the soil moist, particularly in hot, dry climates. Water less frequently in cooler climates and try to keep the soil from ever getting soggy.\r\nTurmeric will benefit from bi-monthly feedings of a good organic fertilizer or compost tea.'),
 (23,'Cucumber','450-750mm','neutral or slightly alkaline','15-32','50-70','Bacterial and Fungal Diseases','10-20-10','Sulfur','Kakdi','Cucumbers are seeded or transplanted outside in the ground no earlier than 2 weeks after last frost date. Cucumbers are extremely susceptible to frost damage; the soil must be at least 65ºF for germination. Do not plant outside too soon!\r\nFor an early crop, start cucumber seeds indoors about 3 weeks before you transplant them in the ground. They like bottom heat of about 70ºF (21ºC). If you don’t have a heat mat, put the seeds flat on top of the refrigerator or perch a few on top of the water heater.\r\nBefore you plant outside, select a site with full sun.\r\nIdeally, soil should be neutral or slightly alkaline with a pH of 7.0. Improve clay soil by adding organic matter. Improve dense, heavy soili by adding peat, compost or rotted manure. (Get a soil test if you are unsure of your soil type; contact your local county cooperative extension.) Light, sandy soils are preferred for northern gardens, as they warm quickly in the spring.\r\nMix in compost and/or aged manure before planting to a depth of 2 inches and work into the soil 6 to 8 inches deep. Make sure that soil is moist and well-drained, not soggy.\r\nSow seeds in rows, 1 inch deep and 6 to 10 inches apart.\r\nIf you are transplanting seedlings, plant them 12 inches apart.\r\nA trellis might be a good idea if you want the vine to climb, or if you have limited space. Trellising also protects the fruit from damage from lying on the moist ground.\r\n\r\nRecomendation:\r\nWhen planting seeds in the ground, cover with netting or a berry basket to keep pests from digging out the seeds.\r\nWater consistently; put your finger in the soil and when it is dry past the first joint of your finger, it is time to water. Inconsistent watering leads to bitter-tasting fruit. Water slowly in the morning or early afternoon, avoiding the leaves.'),
 (24,'Cabbage','450-750mm','well-drained soils with high organic matter','10-24','60-90','Bacterial and Fungal Diseases','10-20-10','Sulfur','Kobi','When transplants reach 5 inches tall, thin to make sure they are still the desired length apart. (The plants you remove \r\r\ncan be transplanted elsewhere in your garden.)\r\nFertilize 3 weeks after transplanting.\r\nKeep soil moist with mulch and water 2 inches per week.\r\nCabbage is a shallow rooted plant; therefore deep tillage is not required, however, the soil needs to be worked well, with \r\r\nno clods or rocks. Well-drained soils with high organic matter content are preferred. Crop rotation out of a cruciferous \r\r\ncrop is needed to avoid persistent disease problems. Do not plant into soil that is known to be infested with clubroot. \r\r\nAvoid planting conditions that promote soil crusting, which will interfere with plant emergence and lead to uneven stands\r\n\r\nRECOMMENDATION:\r\ncabbage plants hardly require irrigation during monsoon. Young plants require watering during summer months at 15 days \r\r\ninterval till they have fully established. Watering of mature plant\r\nbearing plants is advised during summer months at bi-weekly intervals to increase fruit set and to reduce plant drop. It \r\r\nresponds very well to drip irrigation. After the monsoon rains, during OctoberDecember about 25-30 litres of water per day \r\r\nper tree through drips should be given.'),
 (25,'LadyFinger','1200-1500mm','warm soil','22-35','90-95','Bacterial and Fungal Diseases','10-20-10','Sulfur','Bhendi','Ladies finger or Okra which is also known as Bhindi is one of the important vegetable crops of India.It is grown throughout the tropical and sub-tropical regions and also in the warmer parts of the temperate regions.Ladies finger requires long warm growing season during its growing period.It gives good yield in warm humid condition.It grows best within the temperature range of 22-35C.It can be successfully grown in rainy season even in heavy rainfall area.Bhendi is highly susceptible to frost injury.\r\nSeeds fail to germinate when temperature is below 200C\r\n\r\nRecomendation:\r\nBecause Lady\'s Finger seeds do not germinate well in cool soils, plant seeds after the soil has warmed in the spring. Soak or wrap the seeds in moist paper toweling or in water overnight, to accelerate germination.'),
 (26,'Onion','750-1000mm','well-drained, loose, and rich in nitrogen','13-24','40-60','Bacterial and Fungal Diseases','10-20-10','Sulfur','Kanda','Select a location with full sun where your onions won\'t be shaded by other plants.\r\nSoil needs to be well-drained, loose, and rich in nitrogen; compact soil affects bulb development.\r\nTill in aged manure or fertilizer the fall before planting. Onions are heavy feeders and need constant nourishment to produce big bulbs.\r\nAt planting time, you can mix in some nitogen fertilizer, too, and side dress every few weeks until the bulbing process begins.\r\nSeeding? Onion seeds are short-lived. If planting seeds indoors, start with fresh seeds each year. Start seeds indoors about 6 weeks before transplanting.\r\nPlant onions as soon as the ground can be worked in the spring, usually late March or April. Make sure temperature doesn’t go below 20 degrees F.\r\nFor sets or transplants, plant the smaller sets 1 inch deep, with 4 to 5 inches between each plant and in rows 12 to 18 inches apart.\r\nThink of onions as a leaf crop, not a root crop. When planting onion sets, don’t bury them more than one inch under the soil; if more than the bottom third of the bulb is underground, bulb growth can be restricted.\r\nPractice crop rotation with onions.\r\n\r\nRecomendation:\r\nFertilize every few weeks with nitrogen to get big bulbs. Cease fertilizing when the onions push the soil away and the bulbing process has started. Do not put the soil back around the onions; the bulb needs to emerge above the soil.\r\nGenerally, onions do not need consistent watering if mulch is used. About one inch of water per week (including rain water) is sufficient. '),
 (27,'Tomato','450-750mm','well-drained soils with high organic matter','18-32','50-70','Bacterial and Fungal Diseases','10-20-10','Sulfur','Tomato','Tomato is warm season crop. Grows well is those retain that are free from frost. It can\'t be grown successfully in places of higher rainfall. Temperature after tomato crops in following ways.\r\nThe optimum temperature required for its cultivation is 15 - 270C. At higher temperature its blossoms drops off. The damages great when high temp is combined with dry wind. It will result in the failure of fruit set due to drying of stigmatic liquid.\r\nIf fruits exposed to direct sunlight, their tops may turn whitish yellow & become leathery in texture. This is common in late varietes during summer season. This condition is known as sun - scald.\r\nA warm, sunny weather is most suited for proper ripening, colour, quality & high yield.Tomatoes are fast growers. They require significant amounts of nutrients to put out branches, develop blossoms, and form fruit  The tomato fertilizer you added when planting will last only a short time.\r\n\r\nRecommendation:\r\nRegular watering to tomatoes not only helps plants thrive, but also helps prevent many tomato diseases, cracking and rot.\r\nHelp your growing tomatoes thrive by continuing to give them the nutrients they need.\r\nApply tomato fertilizer once fruit is set and every 3-4 weeks afterward. Create a simple feeding schedule. You can also coordinate watering and fertilizing schedules to simplify tomato care.'),
 (28,'Potato','450-750mm','well drained, neutral, fertile loam','7-24','50-70','Bacterial and Fungal Diseases','10-20-10','Sulfur','Batata','Plant seed potatoes (pieces of whole potato or a small whole potato, with at least 2 eyes per piece) 0-2 weeks after last spring frost.\r\nIf you are cutting up potato pieces for planting, do so a 1-2 days ahead of time. This will give them the chance to form a protective layer, both for moisture retention and rot resistance.\r\nYou may start planting earlier, as soon as soil can be worked, but be aware that some crops will be ruined by a frost.\r\nSpread and mix in rotted manure or organic compost in the bottom of the trench before planting.\r\nPlant seed potatoes one foot apart in a 4-inch deep trench, eye side up.\r\nPractice yearly crop rotation.\r\nBefore planning your garden, take a look at our plant companions chart to see which veggies are compatible.\r\n\r\nRecomendation:\r\nPotatoes need consistent moisture, so water regularly when tubers start to form.\r\nTo protect potato from getting sunburned, in which case they turn green and will taste bitter,you will need to hill potatoes every couple of weeks to protect your crop.');
/*!40000 ALTER TABLE `cropdata` ENABLE KEYS */;


--
-- Definition of table `crops`
--

DROP TABLE IF EXISTS `crops`;
CREATE TABLE `crops` (
  `cropid` int(10) unsigned NOT NULL AUTO_INCREMENT,
  `cropDesc` varchar(100) NOT NULL,
  PRIMARY KEY (`cropid`)
) ENGINE=MyISAM AUTO_INCREMENT=10429 DEFAULT CHARSET=latin1;

--
-- Dumping data for table `crops`
--

/*!40000 ALTER TABLE `crops` DISABLE KEYS */;
INSERT INTO `crops` (`cropid`,`cropDesc`) VALUES 
 (932,'Wheat'),
 (1046,'Oats '),
 (1067,'Ricebean'),
 (1068,'Soybean (bhat)'),
 (1069,'Guar'),
 (1074,'Groundnut (pea nut/mung phalli)'),
 (1205,'Mustard'),
 (1286,'Pea (Vegetable)'),
 (1288,'Cabbage'),
 (1563,'FingerMillet  (Ragi/Mandika)'),
 (1641,'Castor (Rehri, Rendi, Arandi) '),
 (1658,'Linseed (alsi)'),
 (1706,'Indian rapeseed and mustard (yellow sarson)'),
 (1720,'Niger (Ramtil)'),
 (1735,'Safflower (kusum/kardi)'),
 (1751,'Sesame (Gingelly/Til)/Sesamum'),
 (1792,'Sunflower (suryamukhi)'),
 (1805,'Black Gram (urd bean)'),
 (1822,'Green Gram (Moong Bean/ Moong)'),
 (1825,'Peas (field peas/ garden peas/matar)'),
 (1826,'Pigeon pea (red gram/arhar/tur)'),
 (1866,'Cotton (Kapas)'),
 (1867,'Potato'),
 (1992,'Baby Corn'),
 (2012,'Cowpea (Vegetable)'),
 (2048,'Indian Bean (Vegetable)'),
 (2058,'Coconut'),
 (2083,'Coffee'),
 (2088,'Nutmeg'),
 (2089,'Pepper'),
 (2094,'Large Cardamom'),
 (2126,'Cluster Bean'),
 (2768,'Napier Grass'),
 (2828,'Jute'),
 (7132,'Moth Bean (kidney bean/ deww gram)'),
 (7133,'Cumin'),
 (7163,'Methi (Fenugreek)'),
 (7177,'Paddy (Dhan)'),
 (7180,'Buck Wheat (Kaspat)'),
 (7181,'Common Millet (Panivaragu/Chena/Proso Millet/Hogm'),
 (7184,'Barley (Jau)'),
 (7186,'Maize (Makka)'),
 (7187,'Pearl Millet (Bajra/Bulrush Millet/Spiked Millet)'),
 (7188,'Sorghum (Jowar/Great Millet)'),
 (7189,'Bengal Gram (Gram/Chick Pea/Kabuli/Chana)'),
 (7199,'Raya (Indian Mustard)'),
 (7200,'Rocket salad (taramira)'),
 (7204,'Sugarcane (Noble Cane)'),
 (7205,'Tapioca (Cassava)'),
 (7221,'Rajmash Bean'),
 (7558,'Horse Gram (kulthi/kultha)'),
 (7593,'Toria'),
 (8689,'fodder sorghum'),
 (8769,'Rajma (french bean)'),
 (10417,'Barseem'),
 (10428,'Lentil (Masur)');
/*!40000 ALTER TABLE `crops` ENABLE KEYS */;


--
-- Definition of table `districtdata`
--

DROP TABLE IF EXISTS `districtdata`;
CREATE TABLE `districtdata` (
  `did` int(10) unsigned NOT NULL AUTO_INCREMENT,
  `stateId` int(10) unsigned NOT NULL,
  `dname` varchar(255) NOT NULL,
  PRIMARY KEY (`did`) USING BTREE
) ENGINE=MyISAM AUTO_INCREMENT=1137 DEFAULT CHARSET=latin1;

--
-- Dumping data for table `districtdata`
--

/*!40000 ALTER TABLE `districtdata` DISABLE KEYS */;
INSERT INTO `districtdata` (`did`,`stateId`,`dname`) VALUES 
 (1101,11,'MUMBAI SUBURBAN'),
 (1102,11,'THANE'),
 (1103,11,'RAIGARH'),
 (1104,11,'RATNAGIRI'),
 (1105,11,'SINDHUDURG'),
 (1106,11,'NASIK'),
 (1107,11,'DHULE'),
 (1108,11,'JALGAON'),
 (1109,11,'AHMEDNAGAR'),
 (1110,11,'PUNE'),
 (1111,11,'SATARA'),
 (1112,11,'SANGLI'),
 (1113,11,'SOLAPUR'),
 (1114,11,'KOLHAPUR'),
 (1115,11,'AURANGABAD'),
 (1116,11,'JALNA'),
 (1117,11,'PARBHANI'),
 (1118,11,'BEED'),
 (1119,11,'NANDED'),
 (1120,11,'OSMANABAD'),
 (1121,11,'LATUR'),
 (1122,11,'BULDHANA'),
 (1123,11,'AKOLA'),
 (1124,11,'AMRAVATI'),
 (1125,11,'YAVATMAL'),
 (1126,11,'WARDHA'),
 (1127,11,'NAGPUR'),
 (1128,11,'BHANDARA'),
 (1129,11,'CHANDRAPUR'),
 (1130,11,'GADCHIROLI'),
 (1131,11,'HINGOLI'),
 (1132,11,'NANDURBAR'),
 (1133,11,'WASHIM'),
 (1134,11,'GONDIYA'),
 (1135,11,'MUMBAI'),
 (1136,11,'PALGHAR');
/*!40000 ALTER TABLE `districtdata` ENABLE KEYS */;


--
-- Definition of table `plantdisease`
--

DROP TABLE IF EXISTS `plantdisease`;
CREATE TABLE `plantdisease` (
  `idplantdisease` int(10) unsigned NOT NULL AUTO_INCREMENT,
  `palntName` varchar(45) DEFAULT NULL,
  `plantDisease` varchar(45) DEFAULT NULL,
  `furtilizerRecommended` varchar(45) DEFAULT NULL,
  PRIMARY KEY (`idplantdisease`)
) ENGINE=InnoDB DEFAULT CHARSET=latin1;

--
-- Dumping data for table `plantdisease`
--

/*!40000 ALTER TABLE `plantdisease` DISABLE KEYS */;
/*!40000 ALTER TABLE `plantdisease` ENABLE KEYS */;


--
-- Definition of table `states`
--

DROP TABLE IF EXISTS `states`;
CREATE TABLE `states` (
  `stateid` int(10) unsigned NOT NULL,
  `stateDesc` varchar(100) NOT NULL,
  PRIMARY KEY (`stateid`)
) ENGINE=MyISAM DEFAULT CHARSET=latin1;

--
-- Dumping data for table `states`
--

/*!40000 ALTER TABLE `states` DISABLE KEYS */;
INSERT INTO `states` (`stateid`,`stateDesc`) VALUES 
 (1,'ANDHRA PRADESH'),
 (2,'ASSAM'),
 (3,'BIHAR'),
 (4,'GUJARAT'),
 (5,'HARYANA'),
 (6,'HIMACHAL PRADESH'),
 (7,'JAMMU AND KASHMIR'),
 (8,'KARNATAKA'),
 (9,'KERALA'),
 (10,'MADHYA PRADESH'),
 (11,'MAHARASHTRA'),
 (12,'MANIPUR'),
 (13,'MEGHALAYA'),
 (14,'NAGALAND'),
 (15,'ODISHA'),
 (16,'PUNJAB'),
 (17,'RAJASTHAN'),
 (18,'TAMIL NADU'),
 (19,'TRIPURA'),
 (20,'UTTAR PRADESH'),
 (21,'WEST BENGAL'),
 (22,'SIKKIM'),
 (23,'CHHATTISGARH'),
 (24,'JHARKAND'),
 (25,'UTTARAKHAND'),
 (26,'TELANGANA'),
 (31,'A AND N ISLANDS'),
 (32,'ARUNACHAL PRADESH'),
 (33,'CHANDIGARH'),
 (34,'DADRA AND NAGAR HAVELI'),
 (35,'DELHI'),
 (36,'DAMAN AND DIU'),
 (37,'LAKSHADWEEP'),
 (38,'MIZORAM'),
 (39,'PUDUCHERRY'),
 (40,'GOA');
/*!40000 ALTER TABLE `states` ENABLE KEYS */;


--
-- Definition of table `talukadata`
--

DROP TABLE IF EXISTS `talukadata`;
CREATE TABLE `talukadata` (
  `tid` int(10) unsigned NOT NULL AUTO_INCREMENT,
  `stateId` int(10) unsigned DEFAULT NULL,
  `did` int(10) unsigned DEFAULT NULL,
  `tname` varchar(45) DEFAULT NULL,
  `tlat` varchar(10) DEFAULT NULL,
  `tlong` varchar(10) DEFAULT NULL,
  `tsoil` varchar(100) DEFAULT NULL,
  PRIMARY KEY (`tid`) USING BTREE
) ENGINE=MyISAM AUTO_INCREMENT=359 DEFAULT CHARSET=latin1;

--
-- Dumping data for table `talukadata`
--

/*!40000 ALTER TABLE `talukadata` DISABLE KEYS */;
INSERT INTO `talukadata` (`tid`,`stateId`,`did`,`tname`,`tlat`,`tlong`,`tsoil`) VALUES 
 (1,11,1109,'AKOLE','19.540','74.005',NULL),
 (2,11,1109,'JAMKHED','18.738','75.312',NULL),
 (3,11,1109,'KARJAT','18.552','75.010',NULL),
 (4,11,1109,'KOPARGAON','19.891','74.479',NULL),
 (5,11,1109,'NAGAR','19.092','74.723',NULL),
 (6,11,1109,'NEVASA','19.551','74.928',NULL),
 (7,11,1109,'PARNER','19.000','74.439',NULL),
 (8,11,1109,'PATHARDI','19.176','75.174',NULL),
 (9,11,1109,'RAHATA','19.712','74.483',NULL),
 (10,11,1109,'RAHURI','19.392','74.648',NULL),
 (11,11,1109,'SANGAMNER','19.577','74.207',NULL),
 (12,11,1109,'SHEVGAON','19.350','75.219',NULL),
 (13,11,1109,'SHRIGONDA','18.617','74.698',NULL),
 (14,11,1109,'SHRIRAMPUR','19.622','74.657','deep soil with good water holding capacity'),
 (15,11,1123,'AKOLA','20.705','77.021','fertile, well-drained, slightly alkaline'),
 (16,11,1123,'AKOT','21.097','77.053',NULL),
 (17,11,1123,'BALAPUR','20.688','76.791',NULL),
 (18,11,1123,'BARSHITAKLI','20.705','77.021',NULL),
 (19,11,1123,'MURTIJAPUR','20.729','77.367',NULL),
 (20,11,1123,'PATUR','20.462','76.938',NULL),
 (21,11,1123,'TELHARA','21.025','76.843',NULL),
 (22,11,1124,'ACHALPUR','21.257','77.508',NULL),
 (23,11,1124,'AMRAVATI','20.937','77.779',NULL),
 (24,11,1124,'ANJANGAON S','21.167','77.315',NULL),
 (25,11,1124,'BHATKULI','20.905','77.603',NULL),
 (26,11,1124,'CHANDUR BZ','20.937','77.779',NULL),
 (27,11,1124,'CHANDUR RIL','20.808','77.985',NULL),
 (28,11,1124,'CHIKHALDARA','21.403','77.326','deep, moderately fertile, slightly acidic, well drained'),
 (29,11,1124,'DARYAPUR','20.922','77.326',NULL),
 (30,11,1124,'DHAMANGAON RIL','20.937','77.779',NULL),
 (31,11,1124,'DHARNI','21.552','76.892',NULL),
 (32,11,1124,'MORSHI','21.324','78.013',NULL),
 (33,11,1124,'NANDGAON KH','20.686','77.833',NULL),
 (34,11,1124,'TIWSA','21.088','78.071',NULL),
 (35,11,1124,'WARUD','21.471','78.264',NULL),
 (36,11,1115,'AURANGABAD','19.876','75.343',NULL),
 (37,11,1115,'GANGAPUR','19.697','75.010',NULL),
 (38,11,1115,'KANAND','20.269','75.134',NULL),
 (39,11,1115,'KHULTABAD','20.018','75.264',NULL),
 (40,11,1115,'PAITHAN','19.477','75.384',NULL),
 (41,11,1115,'PHULAMBRI','20.088','75.417',NULL),
 (42,11,1115,'SILLOD','20.307','75.652',NULL),
 (43,11,1115,'SOEGAON','20.594','75.616',NULL),
 (44,11,1115,'VAIJAPUR','19.925','74.728','moist, neutral soils'),
 (45,11,1118,'AMBAJOGAI','18.727','76.381',NULL),
 (46,11,1118,'ASHTI','18.804','75.168',NULL),
 (47,11,1118,'BEED','18.989','75.760',NULL),
 (48,11,1118,'DHARUR','18.819','76.109',NULL),
 (49,11,1118,'GEORAI','19.260','75.754',NULL),
 (50,11,1118,'KAIJ','18.714','76.064',NULL),
 (51,11,1118,'MAJALGAON','19.164','76.204',NULL),
 (52,11,1118,'PARLI  VAIJNATH','18.845','76.519',NULL),
 (53,11,1118,'PATODA','18.878','75.626',NULL),
 (54,11,1118,'SHIRUR ( KA )','19.064','75.437',NULL),
 (55,11,1118,'WADWANI','18.990','76.041','red laterite soil, or acidic soils'),
 (56,11,1128,'BHANDARA','21.175','79.655','well drained, neutral, fertile loam'),
 (57,11,1128,'LAKHANDUR','20.757','79.884',NULL),
 (58,11,1128,'LAKHANI','21.175','79.655',NULL),
 (59,11,1128,'MOHADI','21.308','79.675',NULL),
 (60,11,1128,'PAUNI','20.793','79.636',NULL),
 (61,11,1128,'SAKOLI','21.081','79.997',NULL),
 (62,11,1128,'TUMSAR','21.380','79.745',NULL),
 (63,11,1122,'BULDANA','20.529','76.184',NULL),
 (64,11,1122,'CHIKHLI','20.349','76.265',NULL),
 (65,11,1122,'DEULGAON RAJA','20.018','76.033',NULL),
 (66,11,1122,'JALGAONJAMOD','21.047','76.531',NULL),
 (67,11,1122,'KHAMGAON','20.711','76.566',NULL),
 (68,11,1122,'LONAR','19.984','76.522',NULL),
 (69,11,1122,'MALKAPUR','20.886','76.216',NULL),
 (70,11,1122,'MEHKAR','20.147','76.571',NULL),
 (71,11,1122,'MOTALA','20.680','76.210',NULL),
 (72,11,1122,'NANDURA','20.830','76.450',NULL),
 (73,11,1122,'SANGRAMPUR','21.032','76.678',NULL),
 (74,11,1122,'SHEGAON','20.792','76.694','well-drained, loose, and rich in nitrogen'),
 (75,11,1122,'SINDKHEDRAJA','19.952','76.125',NULL),
 (76,11,1129,'BALLARPUR','19.839','79.363','sandy-loam to heavy black soil'),
 (77,11,1129,'BHADRAWATI','20.100','79.114',NULL),
 (78,11,1129,'BRAHMAPURI','20.609','79.857',NULL),
 (79,11,1129,'CHANDRAPUR','19.970','79.301',NULL),
 (80,11,1129,'CHIMUR','20.495','79.371',NULL),
 (81,11,1129,'GONDPIPRI','19.837','79.380',NULL),
 (82,11,1129,'JIWATI','19.636','79.072',NULL),
 (83,11,1129,'KORPANA','19.739','78.990',NULL),
 (84,11,1129,'MUL','20.065','79.675',NULL),
 (85,11,1129,'NAGBHID','20.639','79.640',NULL),
 (86,11,1129,'POMBHURNA','19.866','79.633',NULL),
 (87,11,1129,'RAJURA','19.777','79.366',NULL),
 (88,11,1129,'SAOLI','20.078','79.787',NULL),
 (89,11,1129,'SINDEWAHI','20.287','79.657',NULL),
 (90,11,1129,'WARORA','20.240','79.013',NULL),
 (91,11,1107,'DHULE','20.904','74.774',NULL),
 (92,11,1107,'SAKRI','20.992','74.314',NULL),
 (93,11,1107,'SHINDKHEDE','21.272','74.745',NULL),
 (94,11,1107,'SHIRPUR','21.349','74.879','well drained, neutral, fertile loam'),
 (95,11,1130,'AHERI','19.413','80.005',NULL),
 (96,11,1130,'ARMORI','20.466','79.983',NULL),
 (97,11,1130,'BHAMARAGAD','18.847','79.961','deep soil with good water holding capacity'),
 (98,11,1130,'CHAMORSHI','19.867','80.000',NULL),
 (99,11,1130,'DESAIGANJ (WADSA)','20.619','79.958',NULL),
 (100,11,1130,'DHANORA','20.273','80.307',NULL),
 (101,11,1130,'ETAPALLI','19.598','80.226',NULL),
 (102,11,1130,'GADCHIROLI','20.184','79.994',NULL),
 (103,11,1130,'KORCHI','20.717','80.470',NULL),
 (104,11,1130,'KURKHEDA','20.215','80.144',NULL),
 (105,11,1130,'MULCHERA','19.678','80.005',NULL),
 (106,11,1130,'SIRONCHA','18.847','79.961',NULL),
 (107,11,1134,'AMGAON','21.368','80.379',NULL),
 (108,11,1134,'ARJUNI MORGAON','20.817','80.039',NULL),
 (109,11,1134,'DEORI','21.065','80.368',NULL),
 (110,11,1134,'GONDIA','21.462','80.220','moist, heavily fertilized, neutral soils'),
 (111,11,1134,'GOREGAON','21.348','80.207',NULL),
 (112,11,1134,'SADAK ARJUNI','21.091','80.155',NULL),
 (113,11,1134,'SALEKASA','21.303','80.491',NULL),
 (114,11,1134,'TIRORA','21.406','79.930',NULL),
 (115,11,1131,'AUNDHA  NAGNATH','19.540','77.040',NULL),
 (116,11,1131,'BASMAT','19.330','77.158',NULL),
 (117,11,1131,'HINGOLI','19.717','77.149','volcanic, siliceous clay, alluvial, peat, sandy'),
 (118,11,1131,'KALAMNURI','19.675','77.307',NULL),
 (119,11,1131,'SENGAON','19.792','76.886',NULL),
 (120,11,1108,'AMALNER','21.041','75.058',NULL),
 (121,11,1108,'BHADGAON','20.669','75.229',NULL),
 (122,11,1108,'BHUSAWAL','21.045','75.801',NULL),
 (123,11,1108,'BODWAD','20.901','76.017',NULL),
 (124,11,1108,'CHALISGAON','20.464','74.996',NULL),
 (125,11,1108,'CHOPDA','21.247','75.303',NULL),
 (126,11,1108,'DHARANGAON','21.014','75.274',NULL),
 (127,11,1108,'ERANDOL','20.926','75.332',NULL),
 (128,11,1108,'JALGAON','21.007','75.562',NULL),
 (129,11,1108,'JAMNER','20.809','75.778',NULL),
 (130,11,1108,'MUKTAINAGAR','21.046','76.059',NULL),
 (131,11,1108,'PACHORA','20.665','75.347',NULL),
 (132,11,1108,'PAROLA','20.882','75.125',NULL),
 (133,11,1108,'RAVER','21.240','76.033',NULL),
 (134,11,1108,'YAWAL','21.168','75.699','sandy-loam to heavy black soil'),
 (135,11,1116,'AMBAD','19.617','75.795',NULL),
 (136,11,1116,'BADNAPUR','19.868','75.725',NULL),
 (137,11,1116,'BHOKARDAN','20.259','75.769',NULL),
 (138,11,1116,'GHANSAWANGI','19.523','75.986',NULL),
 (139,11,1116,'JAFRABAD','20.200','76.010',NULL),
 (140,11,1116,'JALNA','19.829','75.880',NULL),
 (141,11,1116,'MANTHA','19.651','76.389',NULL),
 (142,11,1116,'PARTUR','19.585','76.213','rich, loamy, slightly acidic soil'),
 (143,11,1114,'AJARA','16.115','74.210',NULL),
 (144,11,1114,'BHUDARGAD','16.252','74.140',NULL),
 (145,11,1114,'CHANDGAD','15.947','74.188',NULL),
 (146,11,1114,'GADHINGLAJ','16.226','74.349',NULL),
 (147,11,1114,'GAGAN BAWADA','16.704','74.243',NULL),
 (148,11,1114,'HATKANGALE','16.744','74.446',NULL),
 (149,11,1114,'KAGAL','16.588','74.309',NULL),
 (150,11,1114,'KARVIR','16.697','74.226',NULL),
 (151,11,1114,'PANHALA','16.810','74.118',NULL),
 (152,11,1114,'RADHANAGARI','16.415','73.997',NULL),
 (153,11,1114,'SHAHUWADI','16.910','73.946',NULL),
 (154,11,1114,'SHIROL','16.748','74.590','properly areated and moisture retaining soil'),
 (155,11,1121,'AHEMADPUR','18.706','76.938',NULL),
 (156,11,1121,'AUSA','18.250','76.499',NULL),
 (157,11,1121,'CHAKUR','18.521','76.874',NULL),
 (158,11,1121,'DEONI','18.262','77.082',NULL),
 (159,11,1121,'JALKOT','18.628','77.178',NULL),
 (160,11,1121,'LATUR','18.408','76.560',NULL),
 (161,11,1121,'NILANGA','18.125','76.750',NULL),
 (162,11,1121,'RENAPUR','18.529','76.596',NULL),
 (163,11,1121,'SHIRUR ANANTPAL','18.336','76.838',NULL),
 (164,11,1121,'UDGIR','18.394','77.112','warm soil'),
 (165,11,1135,'MUMBAI','19.017','72.856','properly areated and moisture retaining soil'),
 (166,11,1101,'ANDHERI','19.113','72.869',NULL),
 (167,11,1101,'BORIVALI','19.237','72.844',NULL),
 (168,11,1101,'KURLA','19.059','72.889','fertile, well-drained, slightly alkaline'),
 (169,11,1127,'BHIVAPUR','20.764','79.519',NULL),
 (170,11,1127,'HINGNA','21.073','78.961',NULL),
 (171,11,1127,'KALMESHWAR','21.233','78.911',NULL),
 (172,11,1127,'KAMPTEE','21.227','79.190',NULL),
 (173,11,1127,'KATOL','21.273','78.585',NULL),
 (174,11,1127,'KUHI','21.017','79.367',NULL),
 (175,11,1127,'MOUDA','21.146','79.404',NULL),
 (176,11,1127,'NAGPUR','21.145','79.088',NULL),
 (177,11,1127,'NARKHED','21.469','78.529','light to heavy loams'),
 (178,11,1127,'PARSEONI','21.375','79.152',NULL),
 (179,11,1127,'RAMTEK','21.392','79.326',NULL),
 (180,11,1127,'SAONER','21.385','78.921',NULL),
 (181,11,1127,'UMRED','20.842','79.326',NULL),
 (182,11,1119,'ARDHAPUR','19.283','77.372',NULL),
 (183,11,1119,'BHOKAR','19.220','77.670',NULL),
 (184,11,1119,'BILOLI','18.782','77.713',NULL),
 (185,11,1119,'DEGLUR','18.545','77.576',NULL),
 (186,11,1119,'DHARMABAD','18.899','77.842',NULL),
 (187,11,1119,'HADGAON','19.494','77.659',NULL),
 (188,11,1119,'HIMAYATNAGAR','19.426','77.874',NULL),
 (189,11,1119,'KANDHAR','18.873','77.187',NULL),
 (190,11,1119,'KINWAT','19.624','78.196',NULL),
 (191,11,1119,'LOHA','18.947','77.115',NULL),
 (192,11,1119,'MAHUR','19.847','77.923',NULL),
 (193,11,1119,'MODKHED','18.706','77.369',NULL),
 (194,11,1119,'MOKHED','18.706','77.369',NULL),
 (195,11,1119,'NAIGAON (KH)','19.138','77.320','light black loam, red soils, clayey loams'),
 (196,11,1119,'NANDED','19.138','77.320',NULL),
 (197,11,1119,'UMRI','19.835','78.196',NULL),
 (198,11,1132,'AKARANI','21.649','74.021',NULL),
 (199,11,1132,'AKKALKUWA','21.561','74.201',NULL),
 (200,11,1132,'NANDURBAR','21.375','74.242','fertile soil with good moisture holding capacity'),
 (201,11,1132,'NAVAPUR','21.161','73.794',NULL),
 (202,11,1132,'SHAHADA','21.545','74.468',NULL),
 (203,11,1132,'TALODA','21.562','74.213',NULL),
 (204,11,1106,'BAGLAN','20.712','74.074',NULL),
 (205,11,1106,'CHANDWAD','20.327','74.247',NULL),
 (206,11,1106,'DEOLA','20.460','74.182',NULL),
 (207,11,1106,'DINDORI','20.204','73.827',NULL),
 (208,11,1106,'IGATPURI','19.697','73.560',NULL),
 (209,11,1106,'KALWAN','20.489','74.027',NULL),
 (210,11,1106,'MALEGAON','20.554','74.510',NULL),
 (211,11,1106,'NANDGAON','20.309','74.660',NULL),
 (212,11,1106,'NASHIK','19.997','73.789',NULL),
 (213,11,1106,'NIPHAD','20.079','74.109',NULL),
 (214,11,1106,'PETH','20.248','73.585',NULL),
 (215,11,1106,'SINNAR','19.853','74.000',NULL),
 (216,11,1106,'SURGANA','20.560','73.637',NULL),
 (217,11,1106,'TRIMBAK','19.937','73.536',NULL),
 (218,11,1106,'YEOLA','20.047','74.481','deep clayey black and alluvium loams'),
 (219,11,1120,'BHOOM','18.460','75.658',NULL),
 (220,11,1120,'KALAMB','18.584','76.021',NULL),
 (221,11,1120,'LOHARA','17.988','76.326',NULL),
 (222,11,1120,'OMERGA','17.839','76.622',NULL),
 (223,11,1120,'OSMANABAD','18.186','76.041','neutral or slightly alkaline'),
 (224,11,1120,'PARANDA','18.263','75.463',NULL),
 (225,11,1120,'TULJAPUR','18.010','76.071',NULL),
 (226,11,1120,'WASHI','18.540','75.773',NULL),
 (227,11,1136,'DAHANU','19.981','72.745','moist, neutral soils'),
 (228,11,1136,'JAVHAR','19.905','73.231',NULL),
 (229,11,1136,'MOKHADA','19.936','73.340',NULL),
 (230,11,1136,'PALGHAR','19.693','72.765',NULL),
 (231,11,1136,'TALASARI','20.116','72.919',NULL),
 (232,11,1136,'VASAI','19.391','72.839',NULL),
 (233,11,1136,'VIKRAMGAD','19.797','73.095',NULL),
 (234,11,1136,'WADA','19.656','73.140',NULL),
 (235,11,1117,'GANGAKHED','18.966','76.748',NULL),
 (236,11,1117,'JINTUR','19.608','76.684',NULL),
 (237,11,1117,'MANWAT','19.306','76.496',NULL),
 (238,11,1117,'PALAM','19.009','76.949',NULL),
 (239,11,1117,'PARBHANI','19.260','76.776',NULL),
 (240,11,1117,'PATHRI','19.263','76.430',NULL),
 (241,11,1117,'PURNA','19.179','77.030',NULL),
 (242,11,1117,'SAILU','19.453','76.438',NULL),
 (243,11,1117,'SONPETH','19.026','76.459','well-drained soils with high organic matter'),
 (244,11,1110,'AMBEGAON','19.113','73.732',NULL),
 (245,11,1110,'BARAMATI','18.184','74.610',NULL),
 (246,11,1110,'BHOR','18.145','73.842',NULL),
 (247,11,1110,'DAUND','18.459','74.587',NULL),
 (248,11,1110,'HAVELI','18.608','73.781',NULL),
 (249,11,1110,'INDAPUR','18.114','75.031',NULL),
 (250,11,1110,'JUNNAR','19.203','73.874',NULL),
 (251,11,1110,'KHED','18.344','73.843',NULL),
 (252,11,1110,'MAVAL','18.755','73.444',NULL),
 (253,11,1110,'MULSHI','18.501','73.513',NULL),
 (254,11,1110,'PUNE CITY','18.520','73.856',NULL),
 (255,11,1110,'PURANDAR','18.278','73.975',NULL),
 (256,11,1110,'SHIRUR','18.827','74.373',NULL),
 (257,11,1110,'VELHE','18.296','73.637','volcanic, siliceous clay, alluvial, peat, sandy'),
 (258,11,1103,'ALIBAG','18.655','72.867',NULL),
 (259,11,1103,'KARJAT','18.919','73.327',NULL),
 (260,11,1103,'KHALAPUR','18.830','73.284',NULL),
 (261,11,1103,'MAHAD','18.082','73.422',NULL),
 (262,11,1103,'MANGAON','18.238','73.281',NULL),
 (263,11,1103,'MHASALA','18.134','73.109',NULL),
 (264,11,1103,'MURUD','18.331','72.960',NULL),
 (265,11,1103,'PANVEL','18.989','73.117',NULL),
 (266,11,1103,'PEN','18.734','73.096','rich, loamy, slightly acidic soil'),
 (267,11,1103,'POLADPUR','17.984','73.464',NULL),
 (268,11,1103,'ROHA','18.438','73.116',NULL),
 (269,11,1103,'SHRIVARDHAN','18.059','73.022',NULL),
 (270,11,1103,'SUDHAGAD','18.538','73.318',NULL),
 (271,11,1103,'TALA','18.438','73.126',NULL),
 (272,11,1103,'URAN','18.877','72.928',NULL),
 (273,11,1104,'CHIPALUN','17.532','73.517',NULL),
 (274,11,1104,'DAPOLI','17.753','73.188',NULL),
 (275,11,1104,'GUHAGAR','17.464','73.196',NULL),
 (276,11,1104,'KHED','17.719','73.396',NULL),
 (277,11,1104,'LANJA','16.855','73.541',NULL),
 (278,11,1104,'MANDANGAD','17.987','73.263',NULL),
 (279,11,1104,'RAJAPUR','16.657','73.521',NULL),
 (280,11,1104,'RATNAGIRI','16.990','73.312',NULL),
 (281,11,1104,'SANGMESHWAR','17.160','73.445','loose, well-drained, rich in organic matter'),
 (282,11,1112,'ATPADI','17.428','74.938',NULL),
 (283,11,1112,'JATH','17.049','75.213',NULL),
 (284,11,1112,'KADEGAON','17.296','74.331',NULL),
 (285,11,1112,'KAVATHEMAHANKAL','17.008','74.865',NULL),
 (286,11,1112,'KHANAPUR-VITA','17.262','74.715',NULL),
 (287,11,1112,'MIRAJ','16.816','74.642','deep, moist soil with good water holding capacity'),
 (288,11,1112,'PALUS','17.097','74.449',NULL),
 (289,11,1112,'SHIRALA','16.984','74.128',NULL),
 (290,11,1112,'TASGAON','17.029','74.607',NULL),
 (291,11,1112,'VALVA-ISLAMPUR','17.050','74.265',NULL),
 (292,11,1111,'JAWALI','17.879','74.590',NULL),
 (293,11,1111,'KARAD','17.275','74.200',NULL),
 (294,11,1111,'KHANDALA','18.055','74.016',NULL),
 (295,11,1111,'KHATAV','17.665','74.361',NULL),
 (296,11,1111,'KOREGAON','17.696','74.160',NULL),
 (297,11,1111,'MAHABALESHWAR','17.930','73.647',NULL),
 (298,11,1111,'MAN','17.703','74.543',NULL),
 (299,11,1111,'PATAN','17.373','73.899',NULL),
 (300,11,1111,'PHALTAN','17.984','74.436',NULL),
 (301,11,1111,'SATARA','17.680','74.018',NULL),
 (302,11,1111,'WAI','17.948','73.891','fertile soil with good moisture holding capacity'),
 (303,11,1105,'DEOGAD','16.391','73.512',NULL),
 (304,11,1105,'DODAMARG','15.684','73.966',NULL),
 (305,11,1105,'KANKAVALI','16.275','73.706',NULL),
 (306,11,1105,'KUDAL','15.999','73.683',NULL),
 (307,11,1105,'MALVAN','16.063','73.471',NULL),
 (308,11,1105,'SAWANTWADI','15.905','73.821',NULL),
 (309,11,1105,'VAIBHAVAWADI','16.496','73.746',NULL),
 (310,11,1105,'VENGURLA','15.851','73.638','light to heavy loams'),
 (311,11,1113,'AKKALKOT','17.524','76.205',NULL),
 (312,11,1113,'BARSHI','18.233','75.694',NULL),
 (313,11,1113,'KARMALA','18.404','75.195',NULL),
 (314,11,1113,'MADHA','18.033','75.516',NULL),
 (315,11,1113,'MALSHIRAS','17.863','74.905',NULL),
 (316,11,1113,'MANGALVEDHE','17.510','75.451',NULL),
 (317,11,1113,'MOHOL','17.802','75.645',NULL),
 (318,11,1113,'PANDHARPUR','17.674','75.323','moist, heavily fertilized, neutral soils'),
 (319,11,1113,'SANGOLA','17.434','75.195',NULL),
 (320,11,1113,'SOLAPUR NORTH','17.659','75.906',NULL),
 (321,11,1113,'SOUTH  SOLAPUR','17.659','75.906',NULL),
 (322,11,1102,'AMBERNATH','19.182','73.192',NULL),
 (323,11,1102,'BHIWANDI','19.281','73.048',NULL),
 (324,11,1102,'KALYAN','19.240','73.130',NULL),
 (325,11,1102,'MURBAD','19.261','73.388',NULL),
 (326,11,1102,'SHAHAPUR','19.455','73.329',NULL),
 (327,11,1102,'THANE','19.218','72.978',NULL),
 (328,11,1102,'ULHASNAGAR','19.221','73.164','deep, moderately fertile, slightly acidic, well drained'),
 (329,11,1126,'ARVI','21.000','78.224',NULL),
 (330,11,1126,'ASHTI','21.208','78.196',NULL),
 (331,11,1126,'DEOLI','20.652','78.480',NULL),
 (332,11,1126,'HINGANGHAT','20.550','78.841','deep clayey black and alluvium loams'),
 (333,11,1126,'KARANJA','21.162','78.408',NULL),
 (334,11,1126,'SAMUDRAPUR','20.638','78.961',NULL),
 (335,11,1126,'SELOO','20.836','78.709',NULL),
 (336,11,1126,'WARDHA','20.745','78.602',NULL),
 (337,11,1133,'KARANJA','20.482','77.481',NULL),
 (338,11,1133,'MALEGAON','20.239','76.995',NULL),
 (339,11,1133,'MANGRULPIR','20.314','77.341',NULL),
 (340,11,1133,'MANORA','20.216','77.559',NULL),
 (341,11,1133,'RISOD','19.977','76.782',NULL),
 (342,11,1133,'WASHIM','20.111','77.131','deep, moist soil with good water holding capacity'),
 (343,11,1125,'ARNI','20.073','77.953',NULL),
 (344,11,1125,'BABHULGAON','20.556','78.166',NULL),
 (345,11,1125,'DARWHA','20.310','77.773',NULL),
 (346,11,1125,'DIGRAS','20.107','77.716',NULL),
 (347,11,1125,'GHATANJI','20.143','78.311',NULL),
 (348,11,1125,'KALAMB','20.445','78.324',NULL),
 (349,11,1125,'KELAPUR','19.999','78.533',NULL),
 (350,11,1125,'MAHAGAON','19.791','77.765',NULL),
 (351,11,1125,'MAREGAON','20.105','78.805',NULL),
 (352,11,1125,'NER','20.491','77.866',NULL),
 (353,11,1125,'PUSAD','19.910','77.568',NULL),
 (354,11,1125,'RALEGAON','20.418','78.520','loose, well-drained, rich in organic matter'),
 (355,11,1125,'UMARKHED','19.597','77.691',NULL),
 (356,11,1125,'WANI','20.060','78.957',NULL),
 (357,11,1125,'YAVATMAL','20.388','78.120',NULL),
 (358,11,1125,'ZARI JAMNI','19.842','78.969',NULL);
/*!40000 ALTER TABLE `talukadata` ENABLE KEYS */;


--
-- Definition of table `userdata`
--

DROP TABLE IF EXISTS `userdata`;
CREATE TABLE `userdata` (
  `uid` int(10) unsigned NOT NULL AUTO_INCREMENT,
  `ufname` varchar(45) DEFAULT NULL,
  `ulname` varchar(45) DEFAULT NULL,
  `uphone` varchar(45) DEFAULT NULL,
  `ulogin` varchar(45) DEFAULT NULL,
  `upass` varchar(45) DEFAULT NULL,
  `udist` varchar(45) DEFAULT NULL,
  `utal` varchar(45) DEFAULT NULL,
  `uapproved` varchar(45) DEFAULT NULL,
  `urole` varchar(45) DEFAULT NULL,
  PRIMARY KEY (`uid`)
) ENGINE=MyISAM AUTO_INCREMENT=3 DEFAULT CHARSET=latin1;

--
-- Dumping data for table `userdata`
--

/*!40000 ALTER TABLE `userdata` DISABLE KEYS */;
INSERT INTO `userdata` (`uid`,`ufname`,`ulname`,`uphone`,`ulogin`,`upass`,`udist`,`utal`,`uapproved`,`urole`) VALUES 
 (1,'pushkar','adhikari','9970050738','pushkar','11111111','1103','266','Y','2'),
 (2,'abc','abc','7894561230','abc','11111111','1130','97','Y','2');
/*!40000 ALTER TABLE `userdata` ENABLE KEYS */;


--
-- Definition of table `weatherdata`
--

DROP TABLE IF EXISTS `weatherdata`;
CREATE TABLE `weatherdata` (
  `wid` int(10) unsigned NOT NULL AUTO_INCREMENT,
  `wdist` varchar(45) DEFAULT NULL,
  `wtal` varchar(45) DEFAULT NULL,
  `wdate` varchar(45) DEFAULT NULL,
  `wtmax` varchar(45) DEFAULT NULL,
  `wtmin` varchar(45) DEFAULT NULL,
  `whumid` varchar(45) DEFAULT NULL,
  `wrain` varchar(45) DEFAULT NULL,
  PRIMARY KEY (`wid`)
) ENGINE=MyISAM AUTO_INCREMENT=1009 DEFAULT CHARSET=latin1;

--
-- Dumping data for table `weatherdata`
--

/*!40000 ALTER TABLE `weatherdata` DISABLE KEYS */;
INSERT INTO `weatherdata` (`wid`,`wdist`,`wtal`,`wdate`,`wtmax`,`wtmin`,`whumid`,`wrain`) VALUES 
 (1,'1101','168','2016-02-29','37','27','50','2.4'),
 (2,'1102','328','2016-02-29','37','27','48','2.4'),
 (3,'1104','281','2016-02-29','36','26','55','2.4'),
 (4,'1106','218','2016-02-29','37','27','43','2.4'),
 (5,'1105','310','2016-02-29','36','26','58','2.4'),
 (6,'1107','94','2016-02-29','36','26','36','2.4'),
 (7,'1108','134','2016-02-29','36','26','38','2.4'),
 (8,'1109','14','2016-02-29','37','27','43','2.4'),
 (9,'1110','257','2016-02-29','36','26','50','2.4'),
 (10,'1111','302','2016-02-29','36','26','52','2.4'),
 (11,'1112','287','2016-02-29','36','26','45','2.4'),
 (12,'1113','318','2016-02-29','38','28','41','2.4'),
 (13,'1114','154','2016-02-29','36','26','50','2.4'),
 (14,'1115','44','2016-02-29','37','27','36','2.4'),
 (15,'1116','142','2016-02-29','37','27','37','2.4'),
 (16,'1117','243','2016-02-29','38','28','39','2.4'),
 (17,'1118','55','2016-02-29','38','28','33','2.4'),
 (18,'1119','195','2016-02-29','38','28','39','2.4'),
 (19,'1120','223','2016-02-29','39','29','39','2.4'),
 (20,'1121','164','2016-02-29','38','28','40','2.4'),
 (21,'1122','74','2016-02-29','38','28','40','2.4'),
 (22,'1123','15','2016-02-29','38','28','41','2.4'),
 (23,'1124','28','2016-02-29','36','26','49','2.4'),
 (24,'1125','354','2016-02-29','35','25','50','2.4'),
 (25,'1126','332','2016-02-29','34','24','55','2.4'),
 (26,'1127','177','2016-02-29','34','24','54','2.4'),
 (27,'1128','56','2016-02-29','33','23','58','2.4'),
 (28,'1129','76','2016-02-29','36','26','53','2.4'),
 (29,'1130','97','2016-02-29','39','29','51','2.4'),
 (30,'1131','117','2016-02-29','38','28','38','2.4'),
 (31,'1132','200','2016-02-29','37','27','47','2.4'),
 (32,'1133','342','2016-02-29','38','28','39','2.4'),
 (33,'1134','110','2016-02-29','34','24','53','2.4'),
 (34,'1135','165','2016-02-29','37','27','50','2.4'),
 (35,'1136','227','2016-02-29','37','27','49','2.4'),
 (36,'1103','266','2016-02-29','37','27','50','2.4'),
 (37,'1101','168','2016-03-01','39','29','39','2.4'),
 (38,'1102','328','2016-03-01','38','28','42','2.4'),
 (39,'1104','281','2016-03-01','36','26','57','2.4'),
 (40,'1106','218','2016-03-01','36','26','46','2.4'),
 (41,'1105','310','2016-03-01','36','26','57','2.4'),
 (42,'1107','94','2016-03-01','35','25','42','2.4'),
 (43,'1108','134','2016-03-01','35','25','44','2.4'),
 (44,'1109','14','2016-03-01','36','26','46','2.4'),
 (45,'1110','257','2016-03-01','36','26','49','2.4'),
 (46,'1111','302','2016-03-01','36','26','50','2.4'),
 (47,'1112','287','2016-03-01','35','25','46','2.4'),
 (48,'1113','318','2016-03-01','36','26','48','2.4'),
 (49,'1114','154','2016-03-01','35','25','49','2.4'),
 (50,'1115','44','2016-03-01','35','25','46','2.4'),
 (51,'1116','142','2016-03-01','35','25','47','2.4'),
 (52,'1117','243','2016-03-01','36','26','47','2.4'),
 (53,'1118','55','2016-03-01','36','26','46','2.4'),
 (54,'1119','195','2016-03-01','36','26','48','2.4'),
 (55,'1120','223','2016-03-01','36','26','47','2.4'),
 (56,'1121','164','2016-03-01','36','26','46','2.4'),
 (57,'1122','74','2016-03-01','36','26','48','2.4'),
 (58,'1123','15','2016-03-01','36','26','48','2.4'),
 (59,'1124','28','2016-03-01','35','25','51','2.4'),
 (60,'1125','354','2016-03-01','35','25','50','2.4'),
 (61,'1126','332','2016-03-01','35','25','50','2.4'),
 (62,'1127','177','2016-03-01','35','25','50','2.4'),
 (63,'1128','56','2016-03-01','35','25','50','2.4'),
 (64,'1129','76','2016-03-01','35','25','52','2.4'),
 (65,'1130','97','2016-03-01','35','25','51','2.4'),
 (66,'1131','117','2016-03-01','36','26','47','2.4'),
 (67,'1132','200','2016-03-01','37','27','45','2.4'),
 (68,'1133','342','2016-03-01','36','26','47','2.4'),
 (69,'1134','110','2016-03-01','34','24','49','2.4'),
 (70,'1135','165','2016-03-01','39','29','40','2.4'),
 (71,'1136','227','2016-03-01','38','28','44','2.4'),
 (72,'1103','266','2016-03-01','37','27','45','2.4'),
 (73,'1101','168','2016-03-02','37','27','60','2.4'),
 (74,'1102','328','2016-03-02','37','27','55','2.4'),
 (75,'1104','281','2016-03-02','38','28','40','2.4'),
 (76,'1106','218','2016-03-02','36','26','47','2.4'),
 (77,'1105','310','2016-03-02','37','27','56','2.4'),
 (78,'1107','94','2016-03-02','37','27','37','2.4'),
 (79,'1108','134','2016-03-02','38','28','34','2.4'),
 (80,'1109','14','2016-03-02','36','26','46','2.4'),
 (81,'1110','257','2016-03-02','36','26','47','2.4'),
 (82,'1111','302','2016-03-02','36','26','47','2.4'),
 (83,'1112','287','2016-03-02','36','26','42','2.4'),
 (84,'1113','318','2016-03-02','37','27','45','2.4'),
 (85,'1114','154','2016-03-02','36','26','46','2.4'),
 (86,'1115','44','2016-03-02','36','26','40','2.4'),
 (87,'1116','142','2016-03-02','37','27','35','2.4'),
 (88,'1117','243','2016-03-02','38','28','43','2.4'),
 (89,'1118','55','2016-03-02','38','28','39','2.4'),
 (90,'1119','195','2016-03-02','38','28','37','2.4'),
 (91,'1120','223','2016-03-02','38','28','44','2.4'),
 (92,'1121','164','2016-03-02','38','28','44','2.4'),
 (93,'1122','74','2016-03-02','38','28','32','2.4'),
 (94,'1123','15','2016-03-02','38','28','31','2.4'),
 (95,'1124','28','2016-03-02','37','27','36','2.4'),
 (96,'1125','354','2016-03-02','38','28','40','2.4'),
 (97,'1126','332','2016-03-02','38','28','41','2.4'),
 (98,'1127','177','2016-03-02','38','28','41','2.4'),
 (99,'1128','56','2016-03-02','37','27','43','2.4'),
 (100,'1129','76','2016-03-02','37','27','47','2.4'),
 (101,'1130','97','2016-03-02','37','27','52','2.4'),
 (102,'1131','117','2016-03-02','38','28','36','2.4'),
 (103,'1132','200','2016-03-02','37','27','45','2.4'),
 (104,'1133','342','2016-03-02','38','28','35','2.4'),
 (105,'1134','110','2016-03-02','37','27','41','2.4'),
 (106,'1135','165','2016-03-02','37','27','59','2.4'),
 (107,'1136','227','2016-03-02','37','27','52','2.4'),
 (108,'1103','266','2016-03-02','37','27','52','2.4'),
 (109,'1101','168','2016-03-03','39','29','38','2.4'),
 (110,'1102','328','2016-03-03','38','28','40','2.4'),
 (111,'1104','281','2016-03-03','37','27','44','2.4'),
 (112,'1106','218','2016-03-03','37','27','41','2.4'),
 (113,'1105','310','2016-03-03','37','27','44','2.4'),
 (114,'1107','94','2016-03-03','36','26','37','2.4'),
 (115,'1108','134','2016-03-03','37','27','34','2.4'),
 (116,'1109','14','2016-03-03','37','27','42','2.4'),
 (117,'1110','257','2016-03-03','36','26','47','2.4'),
 (118,'1111','302','2016-03-03','36','26','47','2.4'),
 (119,'1112','287','2016-03-03','35','25','50','2.4'),
 (120,'1113','318','2016-03-03','34','24','54','2.4'),
 (121,'1114','154','2016-03-03','35','25','48','2.4'),
 (122,'1115','44','2016-03-03','36','26','41','2.4'),
 (123,'1116','142','2016-03-03','38','28','35','2.4'),
 (124,'1117','243','2016-03-03','36','26','47','2.4'),
 (125,'1118','55','2016-03-03','36','26','48','2.4'),
 (126,'1119','195','2016-03-03','37','27','35','2.4'),
 (127,'1120','223','2016-03-03','35','25','52','2.4'),
 (128,'1121','164','2016-03-03','36','26','44','2.4'),
 (129,'1122','74','2016-03-03','39','29','27','2.4'),
 (130,'1123','15','2016-03-03','40','30','25','2.4'),
 (131,'1124','28','2016-03-03','39','29','29','2.4'),
 (132,'1125','354','2016-03-03','38','28','33','2.4'),
 (133,'1126','332','2016-03-03','38','28','32','2.4'),
 (134,'1127','177','2016-03-03','38','28','32','2.4'),
 (135,'1128','56','2016-03-03','38','28','34','2.4'),
 (136,'1129','76','2016-03-03','37','27','42','2.4'),
 (137,'1130','97','2016-03-03','37','27','50','2.4'),
 (138,'1131','117','2016-03-03','38','28','34','2.4'),
 (139,'1132','200','2016-03-03','35','25','50','2.4'),
 (140,'1133','342','2016-03-03','38','28','31','2.4'),
 (141,'1134','110','2016-03-03','38','28','34','2.4'),
 (142,'1135','165','2016-03-03','38','28','39','2.4'),
 (143,'1136','227','2016-03-03','37','27','45','2.4'),
 (144,'1103','266','2016-03-03','37','27','42','2.4'),
 (145,'1101','168','2016-03-04','32','22','61','2.4'),
 (146,'1102','328','2016-03-04','32','22','55','2.4'),
 (147,'1104','281','2016-03-04','39','29','36','2.4'),
 (148,'1106','218','2016-03-04','31','21','51','2.4'),
 (149,'1105','310','2016-03-04','39','29','44','2.4'),
 (150,'1107','94','2016-03-04','32','22','46','2.4'),
 (151,'1108','134','2016-03-04','34','24','43','2.4'),
 (152,'1109','14','2016-03-04','31','21','52','2.4'),
 (153,'1110','257','2016-03-04','34','24','45','2.4'),
 (154,'1111','302','2016-03-04','35','25','45','2.4'),
 (155,'1112','287','2016-03-04','38','28','37','2.4'),
 (156,'1113','318','2016-03-04','37','27','37','2.4'),
 (157,'1114','154','2016-03-04','38','28','39','2.4'),
 (158,'1115','44','2016-03-04','31','21','51','2.4'),
 (159,'1116','142','2016-03-04','32','22','50','2.4'),
 (160,'1117','243','2016-03-04','34','24','46','2.4'),
 (161,'1118','55','2016-03-04','32','22','50','2.4'),
 (162,'1119','195','2016-03-04','39','29','35','2.4'),
 (163,'1120','223','2016-03-04','35','25','43','2.4'),
 (164,'1121','164','2016-03-04','39','29','34','2.4'),
 (165,'1122','74','2016-03-04','35','25','38','2.4'),
 (166,'1123','15','2016-03-04','37','27','34','2.4'),
 (167,'1124','28','2016-03-04','38','28','31','2.4'),
 (168,'1125','354','2016-03-04','38','28','34','2.4'),
 (169,'1126','332','2016-03-04','38','28','34','2.4'),
 (170,'1127','177','2016-03-04','38','28','34','2.4'),
 (171,'1128','56','2016-03-04','38','28','36','2.4'),
 (172,'1129','76','2016-03-04','38','28','42','2.4'),
 (173,'1130','97','2016-03-04','38','28','49','2.4'),
 (174,'1131','117','2016-03-04','35','25','43','2.4'),
 (175,'1132','200','2016-03-04','35','25','44','2.4'),
 (176,'1133','342','2016-03-04','35','25','41','2.4'),
 (177,'1134','110','2016-03-04','38','28','34','2.4'),
 (178,'1135','165','2016-03-04','31','21','60','2.4'),
 (179,'1136','227','2016-03-04','33','23','51','2.4'),
 (180,'1103','266','2016-03-04','33','23','52','2.4'),
 (181,'1101','168','2016-03-05','39','29','30','2.4'),
 (182,'1102','328','2016-03-05','38','28','30','2.4'),
 (183,'1104','281','2016-03-05','38','28','43','2.4'),
 (184,'1106','218','2016-03-05','37','27','33','2.4'),
 (185,'1105','310','2016-03-05','37','27','51','2.4'),
 (186,'1107','94','2016-03-05','36','26','34','2.4'),
 (187,'1108','134','2016-03-05','37','27','36','2.4'),
 (188,'1109','14','2016-03-05','37','27','34','2.4'),
 (189,'1110','257','2016-03-05','37','27','35','2.4'),
 (190,'1111','302','2016-03-05','37','27','38','2.4'),
 (191,'1112','287','2016-03-05','36','26','42','2.4'),
 (192,'1113','318','2016-03-05','37','27','38','2.4'),
 (193,'1114','154','2016-03-05','35','25','47','2.4'),
 (194,'1115','44','2016-03-05','36','26','35','2.4'),
 (195,'1116','142','2016-03-05','36','26','39','2.4'),
 (196,'1117','243','2016-03-05','37','27','39','2.4'),
 (197,'1118','55','2016-03-05','36','26','38','2.4'),
 (198,'1119','195','2016-03-05','37','27','38','2.4'),
 (199,'1120','223','2016-03-05','38','28','37','2.4'),
 (200,'1121','164','2016-03-05','38','28','36','2.4'),
 (201,'1122','74','2016-03-05','38','28','34','2.4'),
 (202,'1123','15','2016-03-05','39','29','32','2.4'),
 (203,'1124','28','2016-03-05','38','28','36','2.4'),
 (204,'1125','354','2016-03-05','37','27','39','2.4'),
 (205,'1126','332','2016-03-05','37','27','39','2.4'),
 (206,'1127','177','2016-03-05','37','27','38','2.4'),
 (207,'1128','56','2016-03-05','36','26','40','2.4'),
 (208,'1129','76','2016-03-05','36','26','45','2.4'),
 (209,'1130','97','2016-03-05','36','26','51','2.4'),
 (210,'1131','117','2016-03-05','37','27','38','2.4'),
 (211,'1132','200','2016-03-05','35','25','34','2.4'),
 (212,'1133','342','2016-03-05','37','27','36','2.4'),
 (213,'1134','110','2016-03-05','36','26','39','2.4'),
 (214,'1135','165','2016-03-05','39','29','30','2.4'),
 (215,'1136','227','2016-03-05','37','27','33','2.4'),
 (216,'1103','266','2016-03-05','38','28','32','2.4'),
 (217,'1101','168','2016-03-06','37','27','44','0'),
 (218,'1102','328','2016-03-06','36','26','44','0'),
 (219,'1104','281','2016-03-06','37','27','38','0'),
 (220,'1106','218','2016-03-06','35','25','28','0'),
 (221,'1105','310','2016-03-06','37','27','52','0'),
 (222,'1107','94','2016-03-06','36','26','24','0'),
 (223,'1108','134','2016-03-06','37','27','24','0'),
 (224,'1109','14','2016-03-06','36','26','27','0'),
 (225,'1110','257','2016-03-06','36','26','29','0'),
 (226,'1111','302','2016-03-06','35','25','32','0'),
 (227,'1112','287','2016-03-06','37','27','32','0'),
 (228,'1113','318','2016-03-06','38','28','28','0'),
 (229,'1114','154','2016-03-06','37','27','34','0'),
 (230,'1115','44','2016-03-06','35','25','26','0'),
 (231,'1116','142','2016-03-06','37','27','29','2.4'),
 (232,'1117','243','2016-03-06','38','28','27','0'),
 (233,'1118','55','2016-03-06','38','28','28','0'),
 (234,'1119','195','2016-03-06','38','28','32','2.4'),
 (235,'1120','223','2016-03-06','38','28','28','0'),
 (236,'1121','164','2016-03-06','38','28','31','0'),
 (237,'1122','74','2016-03-06','37','27','28','2.4'),
 (238,'1123','15','2016-03-06','38','28','29','2.4'),
 (239,'1124','28','2016-03-06','36','26','39','2.4'),
 (240,'1125','354','2016-03-06','38','28','40','2.4'),
 (241,'1126','332','2016-03-06','38','28','41','2.4'),
 (242,'1127','177','2016-03-06','37','27','40','2.4'),
 (243,'1128','56','2016-03-06','38','28','41','2.4'),
 (244,'1129','76','2016-03-06','38','28','40','2.4'),
 (245,'1130','97','2016-03-06','39','29','35','2.4'),
 (246,'1131','117','2016-03-06','38','28','29','2.4'),
 (247,'1132','200','2016-03-06','36','26','31','0'),
 (248,'1133','342','2016-03-06','38','28','30','2.4'),
 (249,'1134','110','2016-03-06','37','27','39','2.4'),
 (250,'1135','165','2016-03-06','37','27','44','0'),
 (251,'1136','227','2016-03-06','34','24','53','0'),
 (252,'1103','266','2016-03-06','37','27','34','0'),
 (253,'1101','168','2016-03-07','37','27','41','0'),
 (254,'1102','328','2016-03-07','36','26','39','0'),
 (255,'1104','281','2016-03-07','39','29','29','0'),
 (256,'1106','218','2016-03-07','36','26','27','0'),
 (257,'1105','310','2016-03-07','38','28','41','0'),
 (258,'1107','94','2016-03-07','37','27','24','0'),
 (259,'1108','134','2016-03-07','37','27','25','0'),
 (260,'1109','14','2016-03-07','35','25','28','0'),
 (261,'1110','257','2016-03-07','37','27','26','2.4'),
 (262,'1111','302','2016-03-07','36','26','27','0'),
 (263,'1112','287','2016-03-07','38','28','25','0'),
 (264,'1113','318','2016-03-07','38','28','27','0'),
 (265,'1114','154','2016-03-07','38','28','27','0'),
 (266,'1115','44','2016-03-07','36','26','25','0'),
 (267,'1116','142','2016-03-07','38','28','24','0'),
 (268,'1117','243','2016-03-07','39','29','23','0'),
 (269,'1118','55','2016-03-07','38','28','23','0'),
 (270,'1119','195','2016-03-07','39','29','28','0'),
 (271,'1120','223','2016-03-07','38','28','29','0'),
 (272,'1121','164','2016-03-07','39','29','26','0'),
 (273,'1122','74','2016-03-07','39','29','23','0'),
 (274,'1123','15','2016-03-07','38','28','31','0'),
 (275,'1124','28','2016-03-07','37','27','41','2.4'),
 (276,'1125','354','2016-03-07','39','29','35','2.4'),
 (277,'1126','332','2016-03-07','39','29','38','2.4'),
 (278,'1127','177','2016-03-07','37','27','39','2.4'),
 (279,'1128','56','2016-03-07','39','29','39','0'),
 (280,'1129','76','2016-03-07','39','29','36','2.4'),
 (281,'1130','97','2016-03-07','39','29','32','0'),
 (282,'1131','117','2016-03-07','39','29','29','0'),
 (283,'1132','200','2016-03-07','37','27','25','0'),
 (284,'1133','342','2016-03-07','38','28','30','0'),
 (285,'1134','110','2016-03-07','37','27','37','0'),
 (286,'1135','165','2016-03-07','37','27','41','0'),
 (287,'1136','227','2016-03-07','35','25','48','0'),
 (288,'1103','266','2016-03-07','37','27','30','0'),
 (289,'1101','168','2016-03-08','38','28','36','0'),
 (290,'1102','328','2016-03-08','37','27','36','0'),
 (291,'1104','281','2016-03-08','38','28','33','0'),
 (292,'1106','218','2016-03-08','36','26','26','0'),
 (293,'1105','310','2016-03-08','37','27','46','0'),
 (294,'1107','94','2016-03-08','36','26','26','0'),
 (295,'1108','134','2016-03-08','38','28','23','0'),
 (296,'1109','14','2016-03-08','37','27','26','0'),
 (297,'1110','257','2016-03-08','38','28','26','0'),
 (298,'1111','302','2016-03-08','37','27','27','0'),
 (299,'1112','287','2016-03-08','38','28','25','0'),
 (300,'1113','318','2016-03-08','38','28','27','0'),
 (301,'1114','154','2016-03-08','37','27','26','0'),
 (302,'1115','44','2016-03-08','36','26','25','0'),
 (303,'1116','142','2016-03-08','38','28','24','0'),
 (304,'1117','243','2016-03-08','39','29','27','0'),
 (305,'1118','55','2016-03-08','38','28','27','0'),
 (306,'1119','195','2016-03-08','40','30','23','0'),
 (307,'1120','223','2016-03-08','38','28','30','0'),
 (308,'1121','164','2016-03-08','39','29','28','0'),
 (309,'1122','74','2016-03-08','39','29','21','0'),
 (310,'1123','15','2016-03-08','38','28','22','0'),
 (311,'1124','28','2016-03-08','37','27','28','0'),
 (312,'1125','354','2016-03-08','39','29','28','2.4'),
 (313,'1126','332','2016-03-08','39','29','28','0'),
 (314,'1127','177','2016-03-08','37','27','32','0'),
 (315,'1128','56','2016-03-08','39','29','30','0'),
 (316,'1129','76','2016-03-08','39','29','30','2.4'),
 (317,'1130','97','2016-03-08','39','29','32','0'),
 (318,'1131','117','2016-03-08','39','29','24','0'),
 (319,'1132','200','2016-03-08','37','27','25','0'),
 (320,'1133','342','2016-03-08','38','28','24','0'),
 (321,'1134','110','2016-03-08','37','27','35','0'),
 (322,'1135','165','2016-03-08','38','28','36','0'),
 (323,'1136','227','2016-03-08','35','25','45','0'),
 (324,'1103','266','2016-03-08','38','28','29','0'),
 (325,'1101','168','2016-03-09','38','28','39','0'),
 (326,'1102','328','2016-03-09','38','28','39','0'),
 (327,'1104','281','2016-03-09','41','31','29','0'),
 (328,'1106','218','2016-03-09','37','27','20','0'),
 (329,'1105','310','2016-03-09','37','27','49','0'),
 (330,'1107','94','2016-03-09','38','28','21','0'),
 (331,'1108','134','2016-03-09','39','29','20','0'),
 (332,'1109','14','2016-03-09','37','27','21','0'),
 (333,'1110','257','2016-03-09','40','30','19','0'),
 (334,'1111','302','2016-03-09','38','28','22','0'),
 (335,'1112','287','2016-03-09','39','29','23','0'),
 (336,'1113','318','2016-03-09','39','29','23','0'),
 (337,'1114','154','2016-03-09','39','29','23','0'),
 (338,'1115','44','2016-03-09','37','27','21','0'),
 (339,'1116','142','2016-03-09','38','28','22','0'),
 (340,'1117','243','2016-03-09','40','30','22','0'),
 (341,'1118','55','2016-03-09','38','28','22','0'),
 (342,'1119','195','2016-03-09','41','31','22','0'),
 (343,'1120','223','2016-03-09','39','29','25','0'),
 (344,'1121','164','2016-03-09','39','29','28','0'),
 (345,'1122','74','2016-03-09','40','30','20','0'),
 (346,'1123','15','2016-03-09','39','29','21','0'),
 (347,'1124','28','2016-03-09','36','26','26','0'),
 (348,'1125','354','2016-03-09','41','31','24','0'),
 (349,'1126','332','2016-03-09','41','31','25','0'),
 (350,'1127','177','2016-03-09','39','29','24','0'),
 (351,'1128','56','2016-03-09','41','31','28','0'),
 (352,'1129','76','2016-03-09','41','31','25','0'),
 (353,'1130','97','2016-03-09','41','31','19','0'),
 (354,'1131','117','2016-03-09','39','29','22','0'),
 (355,'1132','200','2016-03-09','38','28','21','0'),
 (356,'1133','342','2016-03-09','38','28','23','0'),
 (357,'1134','110','2016-03-09','40','30','28','0'),
 (358,'1135','165','2016-03-09','38','28','39','0'),
 (359,'1136','227','2016-03-09','33','23','55','0'),
 (360,'1103','266','2016-03-09','41','31','24','0'),
 (361,'1101','168','2016-03-10','38','28','37','0'),
 (362,'1102','328','2016-03-10','38','28','37','0'),
 (363,'1104','281','2016-03-10','44','34','28','0'),
 (364,'1106','218','2016-03-10','38','28','22','0'),
 (365,'1105','310','2016-03-10','37','27','54','0'),
 (366,'1107','94','2016-03-10','39','29','21','0'),
 (367,'1108','134','2016-03-10','40','30','20','0'),
 (368,'1109','14','2016-03-10','38','28','23','0'),
 (369,'1110','257','2016-03-10','41','31','20','0'),
 (370,'1111','302','2016-03-10','38','28','23','0'),
 (371,'1112','287','2016-03-10','40','30','23','0'),
 (372,'1113','318','2016-03-10','40','30','23','0'),
 (373,'1114','154','2016-03-10','40','30','25','0'),
 (374,'1115','44','2016-03-10','38','28','22','0'),
 (375,'1116','142','2016-03-10','39','29','21','0'),
 (376,'1117','243','2016-03-10','40','30','20','0'),
 (377,'1118','55','2016-03-10','39','29','21','0'),
 (378,'1119','195','2016-03-10','41','31','21','0'),
 (379,'1120','223','2016-03-10','39','29','24','0'),
 (380,'1121','164','2016-03-10','39','29','24','0'),
 (381,'1122','74','2016-03-10','41','31','20','0'),
 (382,'1123','15','2016-03-10','40','30','20','0'),
 (383,'1124','28','2016-03-10','37','27','23','0'),
 (384,'1125','354','2016-03-10','41','31','20','0'),
 (385,'1126','332','2016-03-10','42','32','21','0'),
 (386,'1127','177','2016-03-10','40','30','22','0'),
 (387,'1128','56','2016-03-10','42','32','21','0'),
 (388,'1129','76','2016-03-10','43','33','23','0'),
 (389,'1130','97','2016-03-10','43','33','22','0'),
 (390,'1131','117','2016-03-10','40','30','19','0'),
 (391,'1132','200','2016-03-10','39','29','21','0'),
 (392,'1133','342','2016-03-10','39','29','20','0'),
 (393,'1134','110','2016-03-10','42','32','22','0'),
 (394,'1135','165','2016-03-10','38','28','37','0'),
 (395,'1136','227','2016-03-10','33','23','59','0'),
 (396,'1103','266','2016-03-10','42','32','23','0'),
 (397,'1101','168','2016-03-11','39','29','39','0'),
 (398,'1102','328','2016-03-11','39','29','39','0'),
 (399,'1104','281','2016-03-11','39','29','46','0'),
 (400,'1106','218','2016-03-11','40','30','18','0'),
 (401,'1105','310','2016-03-11','36','26','64','0'),
 (402,'1107','94','2016-03-11','41','31','18','0'),
 (403,'1108','134','2016-03-11','42','32','16','0'),
 (404,'1109','14','2016-03-11','40','30','17','0'),
 (405,'1110','257','2016-03-11','42','32','18','0'),
 (406,'1111','302','2016-03-11','39','29','21','0'),
 (407,'1112','287','2016-03-11','41','31','22','0'),
 (408,'1113','318','2016-03-11','42','32','19','0'),
 (409,'1114','154','2016-03-11','40','30','22','0'),
 (410,'1115','44','2016-03-11','40','30','18','0'),
 (411,'1116','142','2016-03-11','41','31','18','0'),
 (412,'1117','243','2016-03-11','42','32','18','0'),
 (413,'1118','55','2016-03-11','41','31','18','0'),
 (414,'1119','195','2016-03-11','42','32','19','0'),
 (415,'1120','223','2016-03-11','40','30','18','0'),
 (416,'1121','164','2016-03-11','40','30','20','0'),
 (417,'1122','74','2016-03-11','42','32','17','0'),
 (418,'1123','15','2016-03-11','42','32','17','0'),
 (419,'1124','28','2016-03-11','40','30','20','0'),
 (420,'1125','354','2016-03-11','42','32','21','0'),
 (421,'1126','332','2016-03-11','42','32','22','0'),
 (422,'1127','177','2016-03-11','40','30','22','0'),
 (423,'1128','56','2016-03-11','44','34','21','0'),
 (424,'1129','76','2016-03-11','43','33','24','0'),
 (425,'1130','97','2016-03-11','44','34','22','0'),
 (426,'1131','117','2016-03-11','42','32','19','0'),
 (427,'1132','200','2016-03-11','42','32','19','0'),
 (428,'1133','342','2016-03-11','41','31','18','0'),
 (429,'1134','110','2016-03-11','44','34','20','0'),
 (430,'1135','165','2016-03-11','39','29','39','0'),
 (431,'1136','227','2016-03-11','33','23','61','0'),
 (432,'1103','266','2016-03-11','43','33','26','0'),
 (433,'1101','168','2016-03-12','37','27','48','0'),
 (434,'1102','328','2016-03-12','37','27','48','0'),
 (435,'1104','281','2016-03-12','39','29','40','0'),
 (436,'1106','218','2016-03-12','37','27','24','0'),
 (437,'1105','310','2016-03-12','36','26','58','0'),
 (438,'1107','94','2016-03-12','38','28','26','2.4'),
 (439,'1108','134','2016-03-12','40','30','21','0'),
 (440,'1109','14','2016-03-12','38','28','23','0'),
 (441,'1110','257','2016-03-12','38','28','25','0'),
 (442,'1111','302','2016-03-12','40','30','21','0'),
 (443,'1112','287','2016-03-12','39','29','22','0'),
 (444,'1113','318','2016-03-12','40','30','21','0'),
 (445,'1114','154','2016-03-12','39','29','26','0'),
 (446,'1115','44','2016-03-12','37','27','24','0'),
 (447,'1116','142','2016-03-12','40','30','22','0'),
 (448,'1117','243','2016-03-12','40','30','20','0'),
 (449,'1118','55','2016-03-12','39','29','22','0'),
 (450,'1119','195','2016-03-12','43','33','18','2.4'),
 (451,'1120','223','2016-03-12','40','30','21','2.4'),
 (452,'1121','164','2016-03-12','41','31','20','2.4'),
 (453,'1122','74','2016-03-12','41','31','23','0'),
 (454,'1123','15','2016-03-12','40','30','21','0'),
 (455,'1124','28','2016-03-12','38','28','27','2.4'),
 (456,'1125','354','2016-03-12','43','33','21','2.4'),
 (457,'1126','332','2016-03-12','43','33','22','2.4'),
 (458,'1127','177','2016-03-12','41','31','23','2.4'),
 (459,'1128','56','2016-03-12','43','33','22','0'),
 (460,'1129','76','2016-03-12','43','33','24','2.4'),
 (461,'1130','97','2016-03-12','42','32','26','0'),
 (462,'1131','117','2016-03-12','42','32','20','0'),
 (463,'1132','200','2016-03-12','38','28','28','0'),
 (464,'1133','342','2016-03-12','40','30','21','0'),
 (465,'1134','110','2016-03-12','43','33','21','0'),
 (466,'1135','165','2016-03-12','37','27','48','0'),
 (467,'1136','227','2016-03-12','32','22','62','0'),
 (468,'1103','266','2016-03-12','39','29','36','0'),
 (469,'1101','168','2016-03-13','35','25','51','0'),
 (470,'1102','328','2016-03-13','35','25','51','0'),
 (471,'1104','281','2016-03-13','37','27','37','0'),
 (472,'1106','218','2016-03-13','35','25','26','0'),
 (473,'1105','310','2016-03-13','36','26','50','0'),
 (474,'1107','94','2016-03-13','35','25','32','0'),
 (475,'1108','134','2016-03-13','37','27','29','2.4'),
 (476,'1109','14','2016-03-13','35','25','25','2.4'),
 (477,'1110','257','2016-03-13','35','25','29','0'),
 (478,'1111','302','2016-03-13','36','26','26','0'),
 (479,'1112','287','2016-03-13','38','28','21','0'),
 (480,'1113','318','2016-03-13','39','29','20','0'),
 (481,'1114','154','2016-03-13','38','28','21','0'),
 (482,'1115','44','2016-03-13','35','25','25','0'),
 (483,'1116','142','2016-03-13','37','27','25','0'),
 (484,'1117','243','2016-03-13','38','28','23','0'),
 (485,'1118','55','2016-03-13','37','27','23','0'),
 (486,'1119','195','2016-03-13','40','30','23','0'),
 (487,'1120','223','2016-03-13','38','28','21','0'),
 (488,'1121','164','2016-03-13','38','28','23','0'),
 (489,'1122','74','2016-03-13','37','27','29','2.4'),
 (490,'1123','15','2016-03-13','37','27','29','2.4'),
 (491,'1124','28','2016-03-13','33','23','38','2.4'),
 (492,'1125','354','2016-03-13','38','28','33','0'),
 (493,'1126','332','2016-03-13','38','28','32','2.4'),
 (494,'1127','177','2016-03-13','36','26','36','2.4'),
 (495,'1128','56','2016-03-13','39','29','28','2.4'),
 (496,'1129','76','2016-03-13','40','30','28','0'),
 (497,'1130','97','2016-03-13','40','30','42','2.4'),
 (498,'1131','117','2016-03-13','38','28','25','0'),
 (499,'1132','200','2016-03-13','36','26','30','0'),
 (500,'1133','342','2016-03-13','37','27','27','0'),
 (501,'1134','110','2016-03-13','39','29','31','2.4'),
 (502,'1135','165','2016-03-13','35','25','51','0'),
 (503,'1136','227','2016-03-13','31','21','69','0'),
 (504,'1103','266','2016-03-13','36','26','43','0'),
 (505,'1101','168','2016-03-14','34','24','55','0'),
 (506,'1102','328','2016-03-14','34','24','55','0'),
 (507,'1104','281','2016-03-14','37','27','29','0'),
 (508,'1106','218','2016-03-14','34','24','31','0'),
 (509,'1105','310','2016-03-14','36','26','40','0'),
 (510,'1107','94','2016-03-14','35','25','30','0'),
 (511,'1108','134','2016-03-14','36','26','24','0'),
 (512,'1109','14','2016-03-14','34','24','28','0'),
 (513,'1110','257','2016-03-14','36','26','24','0'),
 (514,'1111','302','2016-03-14','36','26','21','0'),
 (515,'1112','287','2016-03-14','37','27','18','0'),
 (516,'1113','318','2016-03-14','36','26','19','0'),
 (517,'1114','154','2016-03-14','37','27','18','0'),
 (518,'1115','44','2016-03-14','34','24','29','0'),
 (519,'1116','142','2016-03-14','36','26','20','0'),
 (520,'1117','243','2016-03-14','37','27','18','0'),
 (521,'1118','55','2016-03-14','35','25','20','0'),
 (522,'1119','195','2016-03-14','38','28','23','0'),
 (523,'1120','223','2016-03-14','36','26','16','0'),
 (524,'1121','164','2016-03-14','36','26','21','0'),
 (525,'1122','74','2016-03-14','37','27','20','0'),
 (526,'1123','15','2016-03-14','37','27','21','0'),
 (527,'1124','28','2016-03-14','34','24','26','0'),
 (528,'1125','354','2016-03-14','38','28','35','0'),
 (529,'1126','332','2016-03-14','38','28','39','0'),
 (530,'1127','177','2016-03-14','36','26','30','0'),
 (531,'1128','56','2016-03-14','38','28','44','2.4'),
 (532,'1129','76','2016-03-14','39','29','40','2.4'),
 (533,'1130','97','2016-03-14','39','29','46','2.4'),
 (534,'1131','117','2016-03-14','37','27','20','0'),
 (535,'1132','200','2016-03-14','36','26','34','0'),
 (536,'1133','342','2016-03-14','36','26','21','0'),
 (537,'1134','110','2016-03-14','38','28','45','2.4'),
 (538,'1135','165','2016-03-14','34','24','55','0'),
 (539,'1136','227','2016-03-14','31','21','70','0'),
 (540,'1103','266','2016-03-14','35','25','45','0'),
 (541,'1101','168','2016-03-15','35','25','51','0'),
 (542,'1102','328','2016-03-15','35','25','51','0'),
 (543,'1104','281','2016-03-15','38','28','36','0'),
 (544,'1106','218','2016-03-15','36','26','28','0'),
 (545,'1105','310','2016-03-15','36','26','50','0'),
 (546,'1107','94','2016-03-15','37','27','24','0'),
 (547,'1108','134','2016-03-15','38','28','25','0'),
 (548,'1109','14','2016-03-15','36','26','27','0'),
 (549,'1110','257','2016-03-15','37','27','27','0'),
 (550,'1111','302','2016-03-15','36','26','27','0'),
 (551,'1112','287','2016-03-15','38','28','22','0'),
 (552,'1113','318','2016-03-15','39','29','19','0'),
 (553,'1114','154','2016-03-15','38','28','22','0'),
 (554,'1115','44','2016-03-15','36','26','27','0'),
 (555,'1116','142','2016-03-15','38','28','21','0'),
 (556,'1117','243','2016-03-15','38','28','18','0'),
 (557,'1118','55','2016-03-15','38','28','20','0'),
 (558,'1119','195','2016-03-15','39','29','23','0'),
 (559,'1120','223','2016-03-15','39','29','19','0'),
 (560,'1121','164','2016-03-15','38','28','24','0'),
 (561,'1122','74','2016-03-15','40','30','21','0'),
 (562,'1123','15','2016-03-15','38','28','22','0'),
 (563,'1124','28','2016-03-15','35','25','26','0'),
 (564,'1125','354','2016-03-15','38','28','35','2.4'),
 (565,'1126','332','2016-03-15','38','28','34','2.4'),
 (566,'1127','177','2016-03-15','36','26','34','2.4'),
 (567,'1128','56','2016-03-15','39','29','37','2.4'),
 (568,'1129','76','2016-03-15','38','28','40','2.4'),
 (569,'1130','97','2016-03-15','39','29','42','2.4'),
 (570,'1131','117','2016-03-15','38','28','20','0'),
 (571,'1132','200','2016-03-15','38','28','24','0'),
 (572,'1133','342','2016-03-15','37','27','22','0'),
 (573,'1134','110','2016-03-15','40','30','32','2.4'),
 (574,'1135','165','2016-03-15','35','25','51','0'),
 (575,'1136','227','2016-03-15','32','22','64','0'),
 (576,'1103','266','2016-03-15','37','27','41','0'),
 (577,'1101','168','2016-03-16','36','26','49','0'),
 (578,'1102','328','2016-03-16','36','26','49','0'),
 (579,'1104','281','2016-03-16','36','26','39','0'),
 (580,'1106','218','2016-03-16','37','27','29','0'),
 (581,'1105','310','2016-03-16','34','24','52','0'),
 (582,'1107','94','2016-03-16','38','28','25','0'),
 (583,'1108','134','2016-03-16','39','29','26','0'),
 (584,'1109','14','2016-03-16','36','26','30','0'),
 (585,'1110','257','2016-03-16','37','27','29','0'),
 (586,'1111','302','2016-03-16','37','27','24','0'),
 (587,'1112','287','2016-03-16','36','26','20','0'),
 (588,'1113','318','2016-03-16','38','28','21','0'),
 (589,'1114','154','2016-03-16','37','27','24','0'),
 (590,'1115','44','2016-03-16','37','27','31','0'),
 (591,'1116','142','2016-03-16','38','28','33','0'),
 (592,'1117','243','2016-03-16','38','28','34','0'),
 (593,'1118','55','2016-03-16','38','28','32','0'),
 (594,'1119','195','2016-03-16','39','29','39','0'),
 (595,'1120','223','2016-03-16','38','28','24','0'),
 (596,'1121','164','2016-03-16','38','28','36','0'),
 (597,'1122','74','2016-03-16','39','29','26','0'),
 (598,'1123','15','2016-03-16','38','28','30','0'),
 (599,'1124','28','2016-03-16','35','25','30','0'),
 (600,'1125','354','2016-03-16','38','28','41','0'),
 (601,'1126','332','2016-03-16','38','28','42','0'),
 (602,'1127','177','2016-03-16','36','26','35','0'),
 (603,'1128','56','2016-03-16','38','28','40','0'),
 (604,'1129','76','2016-03-16','38','28','48','0'),
 (605,'1130','97','2016-03-16','39','29','46','2.4'),
 (606,'1131','117','2016-03-16','38','28','36','0'),
 (607,'1132','200','2016-03-16','39','29','23','0'),
 (608,'1133','342','2016-03-16','37','27','34','0'),
 (609,'1134','110','2016-03-16','38','28','34','0'),
 (610,'1135','165','2016-03-16','36','26','49','0'),
 (611,'1136','227','2016-03-16','33','23','62','0'),
 (612,'1103','266','2016-03-16','37','27','40','0'),
 (613,'1101','168','2016-03-17','36','26','49','0'),
 (614,'1102','328','2016-03-17','36','26','49','0'),
 (615,'1104','281','2016-03-17','38','28','39','0'),
 (616,'1106','218','2016-03-17','37','27','26','0'),
 (617,'1105','310','2016-03-17','35','25','50','0'),
 (618,'1107','94','2016-03-17','38','28','24','0'),
 (619,'1108','134','2016-03-17','39','29','24','0'),
 (620,'1109','14','2016-03-17','38','28','26','0'),
 (621,'1110','257','2016-03-17','37','27','30','0'),
 (622,'1111','302','2016-03-17','38','28','25','0'),
 (623,'1112','287','2016-03-17','39','29','21','0'),
 (624,'1113','318','2016-03-17','39','29','21','0'),
 (625,'1114','154','2016-03-17','39','29','21','0'),
 (626,'1115','44','2016-03-17','38','28','26','0'),
 (627,'1116','142','2016-03-17','38','28','31','0'),
 (628,'1117','243','2016-03-17','40','30','20','0'),
 (629,'1118','55','2016-03-17','39','29','24','0'),
 (630,'1119','195','2016-03-17','42','32','17','0'),
 (631,'1120','223','2016-03-17','40','30','19','0'),
 (632,'1121','164','2016-03-17','41','31','18','0'),
 (633,'1122','74','2016-03-17','40','30','29','0'),
 (634,'1123','15','2016-03-17','39','29','34','0'),
 (635,'1124','28','2016-03-17','37','27','33','0'),
 (636,'1125','354','2016-03-17','39','29','43','2.4'),
 (637,'1126','332','2016-03-17','39','29','41','0'),
 (638,'1127','177','2016-03-17','38','28','36','0'),
 (639,'1128','56','2016-03-17','39','29','40','2.4'),
 (640,'1129','76','2016-03-17','39','29','45','2.4'),
 (641,'1130','97','2016-03-17','39','29','47','2.4'),
 (642,'1131','117','2016-03-17','40','30','28','0'),
 (643,'1132','200','2016-03-17','39','29','24','0'),
 (644,'1133','342','2016-03-17','39','29','34','0'),
 (645,'1134','110','2016-03-17','40','30','33','2.4'),
 (646,'1135','165','2016-03-17','36','26','49','0'),
 (647,'1136','227','2016-03-17','33','23','67','0'),
 (648,'1103','266','2016-03-17','38','28','39','0'),
 (649,'1101','168','2016-03-18','37','27','53','0'),
 (650,'1102','328','2016-03-18','39','29','35','0'),
 (651,'1104','281','2016-03-18','41','31','35','0'),
 (652,'1106','218','2016-03-18','39','29','23','0'),
 (653,'1105','310','2016-03-18','38','28','49','0'),
 (654,'1107','94','2016-03-18','40','30','23','0'),
 (655,'1108','134','2016-03-18','40','30','23','0'),
 (656,'1109','14','2016-03-18','39','29','23','0'),
 (657,'1110','257','2016-03-18','41','31','25','0'),
 (658,'1111','302','2016-03-18','40','30','26','0'),
 (659,'1112','287','2016-03-18','40','30','25','0'),
 (660,'1113','318','2016-03-18','40','30','22','0'),
 (661,'1114','154','2016-03-18','40','30','25','0'),
 (662,'1115','44','2016-03-18','39','29','23','0'),
 (663,'1116','142','2016-03-18','40','30','21','0'),
 (664,'1117','243','2016-03-18','40','30','21','0'),
 (665,'1118','55','2016-03-18','40','30','21','0'),
 (666,'1119','195','2016-03-18','41','31','26','0'),
 (667,'1120','223','2016-03-18','40','30','21','0'),
 (668,'1121','164','2016-03-18','41','31','25','0'),
 (669,'1122','74','2016-03-18','41','31','21','0'),
 (670,'1123','15','2016-03-18','41','31','20','0'),
 (671,'1124','28','2016-03-18','40','30','23','0'),
 (672,'1125','354','2016-03-18','40','30','30','0'),
 (673,'1126','332','2016-03-18','40','30','33','2.4'),
 (674,'1127','177','2016-03-18','40','30','23','2.4'),
 (675,'1128','56','2016-03-18','40','30','36','2.4'),
 (676,'1129','76','2016-03-18','42','32','36','2.4'),
 (677,'1130','97','2016-03-18','41','31','36','2.4'),
 (678,'1131','117','2016-03-18','40','30','23','0'),
 (679,'1132','200','2016-03-18','40','30','25','0'),
 (680,'1133','342','2016-03-18','40','30','22','0'),
 (681,'1134','110','2016-03-18','40','30','38','2.4'),
 (682,'1135','165','2016-03-18','36','26','57','0'),
 (683,'1136','227','2016-03-18','37','27','52','0'),
 (684,'1103','266','2016-03-18','38','28','39','0'),
 (756,'1103','266','2016-03-19','40','30','30','0'),
 (755,'1136','227','2016-03-19','38','28','41','0'),
 (754,'1135','165','2016-03-19','37','27','50','0'),
 (753,'1134','110','2016-03-19','42','32','19','0'),
 (752,'1133','342','2016-03-19','41','31','18','0'),
 (751,'1132','200','2016-03-19','40','30','23','0'),
 (750,'1131','117','2016-03-19','41','31','17','0'),
 (749,'1130','97','2016-03-19','44','34','23','0'),
 (748,'1129','76','2016-03-19','43','33','19','0'),
 (747,'1128','56','2016-03-19','43','33','17','0'),
 (746,'1127','177','2016-03-19','42','32','13','0'),
 (745,'1126','332','2016-03-19','42','32','14','0'),
 (744,'1125','354','2016-03-19','43','33','14','0'),
 (743,'1124','28','2016-03-19','39','29','19','0'),
 (742,'1123','15','2016-03-19','42','32','18','0'),
 (741,'1122','74','2016-03-19','42','32','19','0'),
 (740,'1121','164','2016-03-19','40','30','20','0'),
 (739,'1120','223','2016-03-19','40','30','18','0'),
 (738,'1119','195','2016-03-19','41','31','18','0'),
 (737,'1118','55','2016-03-19','40','30','18','0'),
 (736,'1117','243','2016-03-19','41','31','17','0'),
 (735,'1116','142','2016-03-19','41','31','19','0'),
 (734,'1115','44','2016-03-19','39','29','23','0'),
 (733,'1114','154','2016-03-19','41','31','19','0'),
 (732,'1113','318','2016-03-19','40','30','18','0'),
 (731,'1112','287','2016-03-19','41','31','19','0'),
 (730,'1111','302','2016-03-19','41','31','17','0'),
 (729,'1110','257','2016-03-19','42','32','17','0'),
 (728,'1109','14','2016-03-19','39','29','23','0'),
 (727,'1108','134','2016-03-19','40','30','22','0'),
 (726,'1107','94','2016-03-19','40','30','23','0'),
 (725,'1105','310','2016-03-19','39','29','46','0'),
 (724,'1106','218','2016-03-19','39','29','23','0'),
 (723,'1104','281','2016-03-19','43','33','23','0'),
 (722,'1102','328','2016-03-19','41','31','27','0'),
 (721,'1101','168','2016-03-19','38','28','46','0'),
 (757,'1101','168','2016-03-21','38','28','42','0'),
 (758,'1102','328','2016-03-21','40','30','28','0'),
 (759,'1104','281','2016-03-21','43','33','25','0'),
 (760,'1106','218','2016-03-21','40','30','16','0'),
 (761,'1105','310','2016-03-21','39','29','44','0'),
 (762,'1107','94','2016-03-21','40','30','13','0'),
 (763,'1108','134','2016-03-21','40','30','13','0'),
 (764,'1109','14','2016-03-21','40','30','16','0'),
 (765,'1110','257','2016-03-21','41','31','19','0'),
 (766,'1111','302','2016-03-21','40','30','18','0'),
 (767,'1112','287','2016-03-21','41','31','19','0'),
 (768,'1113','318','2016-03-21','41','31','15','0'),
 (769,'1114','154','2016-03-21','41','31','19','0'),
 (770,'1115','44','2016-03-21','40','30','16','0'),
 (771,'1116','142','2016-03-21','41','31','14','0'),
 (772,'1117','243','2016-03-21','41','31','14','0'),
 (773,'1118','55','2016-03-21','40','30','15','0'),
 (774,'1119','195','2016-03-21','42','32','12','0'),
 (775,'1120','223','2016-03-21','41','31','14','0'),
 (776,'1121','164','2016-03-21','41','31','14','0'),
 (777,'1122','74','2016-03-21','41','31','11','0'),
 (778,'1123','15','2016-03-21','41','31','11','0'),
 (779,'1124','28','2016-03-21','39','29','13','0'),
 (780,'1125','354','2016-03-21','42','32','11','0'),
 (781,'1126','332','2016-03-21','42','32','12','0'),
 (782,'1127','177','2016-03-21','41','31','13','0'),
 (783,'1128','56','2016-03-21','42','32','14','0'),
 (784,'1129','76','2016-03-21','43','33','14','0'),
 (785,'1130','97','2016-03-21','44','34','17','0'),
 (786,'1131','117','2016-03-21','41','31','12','0'),
 (787,'1132','200','2016-03-21','40','30','15','0'),
 (788,'1133','342','2016-03-21','40','30','12','0'),
 (789,'1134','110','2016-03-21','44','34','15','0'),
 (790,'1135','165','2016-03-21','37','27','45','0'),
 (791,'1136','227','2016-03-21','37','27','41','0'),
 (792,'1103','266','2016-03-21','39','29','29','0'),
 (793,'1101','168','2016-03-20','38','28','46','0'),
 (794,'1102','328','2016-03-20','40','30','30','0'),
 (795,'1104','281','2016-03-20','43','33','28','0'),
 (796,'1106','218','2016-03-20','38','28','23','0'),
 (797,'1105','310','2016-03-20','39','29','43','0'),
 (798,'1107','94','2016-03-20','39','29','22','0'),
 (799,'1108','134','2016-03-20','40','30','20','0'),
 (800,'1109','14','2016-03-20','38','28','24','0'),
 (801,'1110','257','2016-03-20','40','30','22','0'),
 (802,'1111','302','2016-03-20','40','30','22','0'),
 (803,'1112','287','2016-03-20','40','30','24','0'),
 (804,'1113','318','2016-03-20','40','30','24','0'),
 (805,'1114','154','2016-03-20','41','31','24','0'),
 (806,'1115','44','2016-03-20','38','28','23','0'),
 (807,'1116','142','2016-03-20','40','30','22','0'),
 (808,'1117','243','2016-03-20','40','30','24','0'),
 (809,'1118','55','2016-03-20','39','29','24','0'),
 (810,'1119','195','2016-03-20','41','31','21','0'),
 (811,'1120','223','2016-03-20','39','29','24','0'),
 (812,'1121','164','2016-03-20','40','30','24','0'),
 (813,'1122','74','2016-03-20','41','31','20','0'),
 (814,'1123','15','2016-03-20','41','31','20','0'),
 (815,'1124','28','2016-03-20','40','30','19','0'),
 (816,'1125','354','2016-03-20','42','32','17','0'),
 (817,'1126','332','2016-03-20','42','32','17','0'),
 (818,'1127','177','2016-03-20','41','31','16','0'),
 (819,'1128','56','2016-03-20','42','32','16','0'),
 (820,'1129','76','2016-03-20','43','33','19','0'),
 (821,'1130','97','2016-03-20','44','34','22','0'),
 (822,'1131','117','2016-03-20','40','30','21','0'),
 (823,'1132','200','2016-03-20','39','29','23','0'),
 (824,'1133','342','2016-03-20','40','30','21','0'),
 (825,'1134','110','2016-03-20','43','33','16','0'),
 (826,'1135','165','2016-03-20','37','27','49','0'),
 (827,'1136','227','2016-03-20','38','28','44','0'),
 (828,'1103','266','2016-03-20','39','29','33','0'),
 (829,'1101','168','2016-03-22','38','28','38','0'),
 (830,'1102','328','2016-03-22','40','30','22','0'),
 (831,'1104','281','2016-03-22','43','33','22','0'),
 (832,'1106','218','2016-03-22','40','30','13','0'),
 (833,'1105','310','2016-03-22','38','28','41','0'),
 (834,'1107','94','2016-03-22','40','30','13','0'),
 (835,'1108','134','2016-03-22','40','30','14','0'),
 (836,'1109','14','2016-03-22','39','29','13','0'),
 (837,'1110','257','2016-03-22','41','31','14','0'),
 (838,'1111','302','2016-03-22','40','30','14','0'),
 (839,'1112','287','2016-03-22','40','30','15','0'),
 (840,'1113','318','2016-03-22','41','31','13','0'),
 (841,'1114','154','2016-03-22','40','30','15','0'),
 (842,'1115','44','2016-03-22','40','30','13','0'),
 (843,'1116','142','2016-03-22','41','31','11','0'),
 (844,'1117','243','2016-03-22','41','31','11','0'),
 (845,'1118','55','2016-03-22','41','31','12','0'),
 (846,'1119','195','2016-03-22','42','32','10','0'),
 (847,'1120','223','2016-03-22','41','31','12','0'),
 (848,'1121','164','2016-03-22','41','31','12','0'),
 (849,'1122','74','2016-03-22','42','32','13','0'),
 (850,'1123','15','2016-03-22','42','32','12','0'),
 (851,'1124','28','2016-03-22','41','31','13','0'),
 (852,'1125','354','2016-03-22','42','32','12','0'),
 (853,'1126','332','2016-03-22','42','32','13','0'),
 (854,'1127','177','2016-03-22','40','30','15','0'),
 (855,'1128','56','2016-03-22','42','32','14','0'),
 (856,'1129','76','2016-03-22','44','34','11','0'),
 (857,'1130','97','2016-03-22','45','35','10','0'),
 (858,'1131','117','2016-03-22','41','31','11','0'),
 (859,'1132','200','2016-03-22','41','31','13','0'),
 (860,'1133','342','2016-03-22','41','31','12','0'),
 (861,'1134','110','2016-03-22','42','32','14','0'),
 (862,'1135','165','2016-03-22','37','27','40','0'),
 (863,'1136','227','2016-03-22','38','28','39','0'),
 (864,'1103','266','2016-03-22','39','29','25','0'),
 (865,'1101','168','2016-03-26','38','28','48','0'),
 (866,'1102','328','2016-03-26','41','31','30','0'),
 (867,'1104','281','2016-03-26','41','31','34','0'),
 (868,'1106','218','2016-03-26','42','32','16','0'),
 (869,'1105','310','2016-03-26','37','27','57','0'),
 (870,'1107','94','2016-03-26','43','33','15','0'),
 (871,'1108','134','2016-03-26','44','34','14','0'),
 (872,'1109','14','2016-03-26','41','31','17','0'),
 (873,'1110','257','2016-03-26','43','33','21','0'),
 (874,'1111','302','2016-03-26','42','32','22','0'),
 (875,'1112','287','2016-03-26','41','31','23','0'),
 (876,'1113','318','2016-03-26','42','32','21','0'),
 (877,'1114','154','2016-03-26','41','31','24','0'),
 (878,'1115','44','2016-03-26','41','31','17','0'),
 (879,'1116','142','2016-03-26','43','33','18','0'),
 (880,'1117','243','2016-03-26','44','34','18','0'),
 (881,'1118','55','2016-03-26','43','33','17','0'),
 (882,'1119','195','2016-03-26','45','35','16','0'),
 (883,'1120','223','2016-03-26','42','32','19','0'),
 (884,'1121','164','2016-03-26','43','33','16','0'),
 (885,'1122','74','2016-03-26','44','34','15','0'),
 (886,'1123','15','2016-03-26','45','35','16','0'),
 (887,'1124','28','2016-03-26','44','34','14','0'),
 (888,'1125','354','2016-03-26','44','34','17','0'),
 (889,'1126','332','2016-03-26','44','34','19','0'),
 (890,'1127','177','2016-03-26','43','33','12','0'),
 (891,'1128','56','2016-03-26','44','34','19','0'),
 (892,'1129','76','2016-03-26','44','34','22','0'),
 (893,'1130','97','2016-03-26','43','33','26','0'),
 (894,'1131','117','2016-03-26','44','34','16','0'),
 (895,'1132','200','2016-03-26','43','33','17','0'),
 (896,'1133','342','2016-03-26','44','34','16','0'),
 (897,'1134','110','2016-03-26','46','36','14','0'),
 (898,'1135','165','2016-03-26','37','27','51','0'),
 (899,'1136','227','2016-03-26','38','28','47','0'),
 (900,'1103','266','2016-03-26','40','30','34','0'),
 (901,'1101','168','2016-03-25','37','27','54','0'),
 (902,'1102','328','2016-03-25','40','30','34','0'),
 (903,'1104','281','2016-03-25','39','29','42','0'),
 (904,'1106','218','2016-03-25','42','32','18','0'),
 (905,'1105','310','2016-03-25','36','26','60','0'),
 (906,'1107','94','2016-03-25','44','34','10','0'),
 (907,'1108','134','2016-03-25','44','34','9','0'),
 (908,'1109','14','2016-03-25','42','32','21','0'),
 (909,'1110','257','2016-03-25','41','31','26','0'),
 (910,'1111','302','2016-03-25','41','31','25','0'),
 (911,'1112','287','2016-03-25','40','30','30','0'),
 (912,'1113','318','2016-03-25','42','32','25','0'),
 (913,'1114','154','2016-03-25','40','30','30','0'),
 (914,'1115','44','2016-03-25','42','32','19','0'),
 (915,'1116','142','2016-03-25','43','33','16','0'),
 (916,'1117','243','2016-03-25','43','33','19','0'),
 (917,'1118','55','2016-03-25','42','32','21','0'),
 (918,'1119','195','2016-03-25','43','33','17','0'),
 (919,'1120','223','2016-03-25','41','31','24','0'),
 (920,'1121','164','2016-03-25','42','32','22','0'),
 (921,'1122','74','2016-03-25','44','34','9','0'),
 (922,'1123','15','2016-03-25','44','34','9','0'),
 (923,'1124','28','2016-03-25','43','33','9','0'),
 (924,'1125','354','2016-03-25','43','33','14','0'),
 (925,'1126','332','2016-03-25','43','33','15','0'),
 (926,'1127','177','2016-03-25','42','32','10','0'),
 (927,'1128','56','2016-03-25','44','34','11','0'),
 (928,'1129','76','2016-03-25','44','34','20','0'),
 (929,'1130','97','2016-03-25','44','34','26','0'),
 (930,'1131','117','2016-03-25','43','33','14','0'),
 (931,'1132','200','2016-03-25','44','34','11','0'),
 (932,'1133','342','2016-03-25','43','33','11','0'),
 (933,'1134','110','2016-03-25','47','37','10','0'),
 (934,'1135','165','2016-03-25','36','26','58','0'),
 (935,'1136','227','2016-03-25','38','28','47','0'),
 (936,'1103','266','2016-03-25','38','28','41','0'),
 (937,'1101','168','2016-03-24','38','28','41','0'),
 (938,'1102','328','2016-03-24','38','28','41','0'),
 (939,'1104','281','2016-03-24','39','29','46','0'),
 (940,'1106','218','2016-03-24','41','31','11','0'),
 (941,'1105','310','2016-03-24','36','26','58','0'),
 (942,'1107','94','2016-03-24','42','32','8','0'),
 (943,'1108','134','2016-03-24','43','33','8','0'),
 (944,'1109','14','2016-03-24','41','31','11','0'),
 (945,'1110','257','2016-03-24','43','33','15','0'),
 (946,'1111','302','2016-03-24','40','30','18','0'),
 (947,'1112','287','2016-03-24','42','32','17','0'),
 (948,'1113','318','2016-03-24','42','32','19','0'),
 (949,'1114','154','2016-03-24','41','31','20','0'),
 (950,'1115','44','2016-03-24','41','31','11','0'),
 (951,'1116','142','2016-03-24','42','32','11','0'),
 (952,'1117','243','2016-03-24','43','33','12','0'),
 (953,'1118','55','2016-03-24','42','32','13','0'),
 (954,'1119','195','2016-03-24','43','33','14','0'),
 (955,'1120','223','2016-03-24','42','32','26','0'),
 (956,'1121','164','2016-03-24','41','31','19','2.4'),
 (957,'1122','74','2016-03-24','44','34','7','0'),
 (958,'1123','15','2016-03-24','42','32','8','0'),
 (959,'1124','28','2016-03-24','43','33','7','0'),
 (960,'1125','354','2016-03-24','42','32','11','0'),
 (961,'1126','332','2016-03-24','42','32','11','0'),
 (962,'1127','177','2016-03-24','41','31','9','0'),
 (963,'1128','56','2016-03-24','43','33','10','0'),
 (964,'1129','76','2016-03-24','46','36','11','0'),
 (965,'1130','97','2016-03-24','46','36','18','0'),
 (966,'1131','117','2016-03-24','42','32','12','0'),
 (967,'1132','200','2016-03-24','44','34','8','0'),
 (968,'1133','342','2016-03-24','42','32','10','0'),
 (969,'1134','110','2016-03-24','45','35','10','0'),
 (970,'1135','165','2016-03-24','38','28','41','0'),
 (971,'1136','227','2016-03-24','34','24','52','0'),
 (972,'1103','266','2016-03-24','39','29','32','0'),
 (973,'1101','168','2016-03-23','40','30','34','0'),
 (974,'1102','328','2016-03-23','40','30','34','0'),
 (975,'1104','281','2016-03-23','44','34','28','0'),
 (976,'1106','218','2016-03-23','40','30','13','0'),
 (977,'1105','310','2016-03-23','36','26','55','0'),
 (978,'1107','94','2016-03-23','41','31','11','0'),
 (979,'1108','134','2016-03-23','42','32','11','0'),
 (980,'1109','14','2016-03-23','40','30','13','0'),
 (981,'1110','257','2016-03-23','41','31','13','0'),
 (982,'1111','302','2016-03-23','39','29','15','0'),
 (983,'1112','287','2016-03-23','41','31','14','0'),
 (984,'1113','318','2016-03-23','42','32','12','0'),
 (985,'1114','154','2016-03-23','41','31','15','0'),
 (986,'1115','44','2016-03-23','40','30','13','0'),
 (987,'1116','142','2016-03-23','41','31','11','0'),
 (988,'1117','243','2016-03-23','42','32','12','0'),
 (989,'1118','55','2016-03-23','41','31','12','0'),
 (990,'1119','195','2016-03-23','42','32','12','0'),
 (991,'1120','223','2016-03-23','42','32','11','0'),
 (992,'1121','164','2016-03-23','41','31','13','0'),
 (993,'1122','74','2016-03-23','44','34','10','0'),
 (994,'1123','15','2016-03-23','41','31','10','0'),
 (995,'1124','28','2016-03-23','40','30','10','0'),
 (996,'1125','354','2016-03-23','42','32','11','0'),
 (997,'1126','332','2016-03-23','42','32','11','0'),
 (998,'1127','177','2016-03-23','41','31','9','0'),
 (999,'1128','56','2016-03-23','44','34','10','0'),
 (1000,'1129','76','2016-03-23','45','35','11','0'),
 (1001,'1130','97','2016-03-23','45','35','13','0'),
 (1002,'1131','117','2016-03-23','41','31','12','0'),
 (1003,'1132','200','2016-03-23','42','32','12','0'),
 (1004,'1133','342','2016-03-23','40','30','11','0'),
 (1005,'1134','110','2016-03-23','43','33','9','0'),
 (1006,'1135','165','2016-03-23','40','30','34','0'),
 (1007,'1136','227','2016-03-23','35','25','50','0'),
 (1008,'1103','266','2016-03-23','46','36','19','0');
/*!40000 ALTER TABLE `weatherdata` ENABLE KEYS */;




/*!40101 SET SQL_MODE=@OLD_SQL_MODE */;
/*!40014 SET FOREIGN_KEY_CHECKS=@OLD_FOREIGN_KEY_CHECKS */;
/*!40014 SET UNIQUE_CHECKS=@OLD_UNIQUE_CHECKS */;
/*!40101 SET CHARACTER_SET_CLIENT=@OLD_CHARACTER_SET_CLIENT */;
/*!40101 SET CHARACTER_SET_RESULTS=@OLD_CHARACTER_SET_RESULTS */;
/*!40101 SET COLLATION_CONNECTION=@OLD_COLLATION_CONNECTION */;
/*!40101 SET CHARACTER_SET_CLIENT=@OLD_CHARACTER_SET_CLIENT */;
